name,price,size,color,rpm,airflow,noise_level,pwm
ADATA Vento,9.99,120,Black / White,1200,45.3,23,FALSE
ADATA Vento,8.99,120,Black,1200,45.3,23,FALSE
ADATA Vento 3-Pack,27.99,120,Black / White,1200,45.3,23,FALSE
ADATA XPG HURRICANE,18.99,120,Black / White,"6,002,000",61.5,18.17,TRUE
ADATA XPG VENTO PRO,17.99,120,Gray / Black,"4,502,150",75,"10,28",TRUE
Aerocool AeroFlow,,120,Translucent White,1500,59.12,29.58,FALSE
Aerocool DS,9.99,120,Black / Red,"11,001,500","62.5,81.5","14.8,23.1",FALSE
Aerocool DS,14.69,120,Black / Blue,"11,001,500","62.5,81.5","14.8,23.1",FALSE
Aerocool DS,,120,Black / Gray,"11,001,500","62.5,81.5","14.8,23.1",FALSE
Aerocool DS,17.47,120,Black / White,"11,001,500","62.5,81.5","14.8,23.1",FALSE
Aerocool LightWave,,120,Transparent,1800,35.7,25,TRUE
Aerocool Project 7 RGB 12,,120,,1200,45.8,14.5,FALSE
Aerocool Shark,8.98,120,White,"8,001,500","32.5,82.6","12.6,26.5",FALSE
Aerocool Shark,15.98,120,Red,"8,001,500","32.5,82.6","12.6,26.5",FALSE
Aerocool Shark,13.95,120,Green,"8,001,500","32.5,82.6","12.6,26.5",FALSE
Aerocool Shark,,120,Black,"8,001,500","32.5,82.6","12.6,26.5",FALSE
Aerocool Shark,,120,Blue,"8,001,500","32.5,82.6","12.6,26.5",FALSE
Aerocool Turbine 1000,,120,Silver,950,37.44,19.66,FALSE
Aerocool TURBINE 3000,,120,Blue,950,37.44,19.66,FALSE
Aerocool V12,,120,Translucent Black,1000,29.7,17.3,FALSE
Akasa AK-274CC-4RAS,,120,Clear,1200,38.4,17.5,FALSE
Akasa Apache Black,,120,Black,"6,001,300",57.53,"6.9,16.05",TRUE
Akasa Piranha,,120,Black / Gray,"6,001,900",79.13,"6.4,27.2",TRUE
Akasa Soho AR,29.76,120,Black,"5,002,000",52.91,"14.2,31.8",TRUE
Akasa Vegas TLX,,120,Black / White,1500,35.2,23.8,FALSE
Akasa Viper,,120,Black / Yellow,"6,001,900",83.63,"6.9,28.9",TRUE
Alpenföhn JetStream,,120,Black,"4,001,600",55.326,22.8,TRUE
Alpenföhn JetStream 3-Pack,,120,Black,"4,001,600",55.326,22.8,TRUE
Alpenföhn JetStream Slim,,120,Black,"4,001,800",52.619,24.7,TRUE
Alpenföhn Wing Boost 3 ARGB,,120,White,"7,002,200",77.9,36.8,TRUE
Alpenföhn Wing Boost 3 ARGB,,120,White,"7,001,600",54.5,23.5,TRUE
Alpenföhn Wing Boost 3 ARGB,,120,Black,"7,002,200",77.9,36.8,TRUE
Alpenföhn Wing Boost 3 ARGB,,120,Black,"7,001,600",54.5,23.5,TRUE
Alpenföhn Wing Boost 3 ARGB 3-Pack,,120,Black,"7,002,200",77.9,36.8,TRUE
Alpenföhn Wing Boost 3 ARGB 3-Pack,,120,White,"7,002,200",77.9,36.8,TRUE
Alpenföhn Wing Boost 3 ARGB 3-Pack,,120,Black,"7,001,600",54.5,23.5,TRUE
Alpenföhn Wing Boost 3 ARGB 3-Pack,,120,White,"7,001,600",54.5,23.5,TRUE
Alphacool Apex Stealth Metal,29.99,120,White / Black,"4,003,000",70.98,40.1,TRUE
Alphacool Apex Stealth Metal,29.99,120,Gold / Black,"4,003,000",70.98,40.1,TRUE
Alphacool Apex Stealth Metal,39.39,120,Black,"4,003,000",70.98,40.1,TRUE
Alphacool Apex Stealth Metal,29.99,120,Silver / Black,"4,003,000",70.98,40.1,TRUE
Alphacool Apex Stealth Metal,29.99,120,Black,"4,002,000",47,24.6,TRUE
Alphacool Apex Stealth Metal,39.39,120,Gold / Black,"4,002,000",47,24.6,TRUE
Alphacool Apex Stealth Metal,29.99,120,Silver / Black,"4,002,000",47,24.6,TRUE
Alphacool Apex Stealth Metal,29.99,120,White / Black,"4,002,000",47,24.6,TRUE
Anidees AI AUREOLA 3-Pack,,120,Black,1500,35.2,24.7,FALSE
Anidees AI Halo,,120,Black,1200,39.7,24.7,FALSE
Anidees AI Halo,,120,Black,1200,39.7,24.7,FALSE
Anidees AI Halo,,120,Black,1200,39.7,24.7,FALSE
Anidees AI Prismatic 3-Pack,,120,Black,1200,39.7,24.7,FALSE
Anidees AI Tesseract 3-Pack,,120,Black,"6,001,200",30.54,19,TRUE
Antec 75003,,120,Clear,2000,79,29.8,FALSE
Antec 75003,,120,Transparent,2000,79,29.8,FALSE
Antec 75024,,120,Clear,2000,79,30,FALSE
Antec 75026,,120,Clear,2000,79,30,FALSE
Antec 75120,,120,Clear,2000,79,30,FALSE
Antec 75121,,120,Clear,2000,79,30,FALSE
Antec 77095,,120,Clear,1600,56,28,FALSE
Antec 77095,,120,Transparent,1600,56,28,FALSE
Antec Fusion 120 ARGB,15.35,120,Black,"6,002,000",57.93,"17.02,31.24",TRUE
Antec Fusion 120 ARGB 3-Pack,,120,Black,"6,002,000",57.93,"17.02,31.24",TRUE
Antec Fusion 120 ARGB 5-Pack,,120,Black,"6,002,000",57.93,"17.02,31.24",TRUE
Antec Fusion 120 ARGB White,,120,White,"6,002,000",57.93,"17.02,31.24",TRUE
Antec Fusion 120 ARGB White 5-Pack,115.74,120,White,"6,002,000",57.93,"17.02,31.24",TRUE
Antec Prizm,,120,Black,2000,45.03,32.6,TRUE
Antec Prizm,,120,Black,2000,45.03,32.6,TRUE
Antec Prizm 3+2+C 3-Pack,96.99,120,Black,2000,45.03,32.6,TRUE
Antec Prizm 5+C 5-Pack,49.99,120,Black,2000,45.03,32.6,TRUE
Antec SPARK,,120,Black,2000,45.03,32.6,TRUE
Antec Storm T3,,120,Black,"6,002,200","18.17,80.47",36.99,TRUE
Antec Storm T3 3-Pack,35.99,120,Black,"6,002,200","18.17,80.47",36.99,TRUE
Antec TRICOOL,,120,Transparent,"12,002,000","39,79",,FALSE
Antec TRICOOL,,120,Transparent,2000,79,30,FALSE
Antec TRICOOL,,120,Clear,2000,79,30,FALSE
Antec True Quiet,18.98,120,Blue,"6,001,000","21.5,35.79","8.9,19.89",FALSE
Antec True Quiet,,120,Green,"6,001,000","21.2,35.3","8.9,19.89",FALSE
Antec True Quiet,,120,Yellow / Gray,"6,001,000","21.5,35.79","8.9,19.89",FALSE
Antec True Quiet,,120,Blue,"6,001,000","21.2,35.3","8.9,19.89",FALSE
Antec True Quiet,9.99,120,Red,"6,001,000","21.2,35.3","8.9,19.89",FALSE
Antec True Quiet,,120,White,"6,001,000","21.2,35.3","8.9,19.89",FALSE
Antec True Quiet,,120,Black / Orange,"6,001,000","21.1,46.3","8.9,19.9",FALSE
Antec True Quiet,,120,Black / Orange,"6,001,000","21.1,46.3","8.9,19.9",FALSE
Antec True Quiet,,120,Black / Orange,"6,001,000","21.1,46.3","8.9,19.9",FALSE
Antec Two Cool,,120,Black,"6,001,200","21.3,42.6","17,23.7",FALSE
Antec Two Cool,,120,Black,"6,001,200","21.3,42.6","17,23.7",FALSE
Apevia 12S 10-Pack,28.99,120,Black,1350,57.67,24.7,FALSE
Apevia 12S 10-Pack,,120,Black / White,1350,57.67,24.7,FALSE
Apevia 12S-BK,,120,Black,1500,57.67,24.7,FALSE
Apevia 312L-DMC 3-Pack,,120,Black / Multicolor,1500,57.67,24.7,FALSE
Apevia 312S-BK,,120,Black,1500,57.67,24.7,FALSE
Apevia 412L-RGB Spectra 4-Pack,,120,Black,1350,57.67,24.7,FALSE
Apevia 512L-DMC 5-Pack,,120,Black / Multicolor,1500,57.67,24.7,FALSE
Apevia AF312L-SMC 3-Pack,,120,Black / Multicolor,1500,57.67,24.7,FALSE
Apevia AF512L-BL 5-Pack,,120,Blue,1500,57.67,24.7,FALSE
Apevia AF512L-RD 5-Pack,,120,Red,1500,57.67,24.7,FALSE
Apevia AF512L-SMC 5-Pack,,120,Black / Multicolor,1500,57.67,24.7,FALSE
Apevia APEVIA CO312L-GN Cosmos 120mm Green LED Ultra Silent Case Fan w/ 16 LEDs & Anti-Vibration Rubber Pads (3 Pack) 3-Pack,,120,,1350,"57.67,56.67",24.7,FALSE
Apevia APEVIA CO312L-PK Cosmos 120mm Pink LED Ultra Silent Case Fan w/ 16 LEDs & Anti-Vibration Rubber Pads (3 Pack) 3-Pack,14.99,120,,1350,"57.67,56.67",24.7,FALSE
Apevia APEVIA CO312L-RD Cosmos 120mm Red LED Ultra Silent Case Fan w/ 16 LEDs & Anti-Vibration Rubber Pads (3 Pack) 3-Pack,16.98,120,,1350,"57.67,56.67",24.7,FALSE
Apevia APEVIA CO312L-WH Cosmos 120mm White LED Ultra Silent Case Fan w/ 16 LEDs & Anti-Vibration Rubber Pads (3 Pack) 3-Pack,16.98,120,,1350,"57.67,56.67",24.7,FALSE
Apevia APEVIA CO512L-PK Cosmos 120mm Pink LED Ultra Silent Case Fan w/ 16 LEDs & Anti-Vibration Rubber Pads (5 Pack) 5-Pack,19.98,120,,1350,"57.67,56.67",24.7,FALSE
Apevia Arcane RGB 4-Pack,,120,Black / White,1350,57.67,24.7,FALSE
Apevia Arcane RGB 4-Pack,,120,Black / White,1350,57.67,24.7,FALSE
Apevia Arcane RGB 6-Pack,,120,Black / White,1350,57.67,24.7,FALSE
Apevia C,8.99,120,Black / Red,1500,57.67,24.7,FALSE
Apevia C,9.99,120,Black / White,1500,57.67,24.7,FALSE
Apevia C,,120,Black / Blue,1500,57.67,24.7,FALSE
Apevia C,9.99,120,Black / Green,1500,57.67,24.7,FALSE
Apevia C,,120,Black / Pink,1500,57.67,24.7,FALSE
Apevia C 3-Pack,16.95,120,Black / White,1500,57.67,24.7,FALSE
Apevia C 3-Pack,17.95,120,Black / Green,1500,57.67,24.7,FALSE
Apevia C 3-Pack,17.95,120,Black / Red,1500,57.67,24.7,FALSE
Apevia C 3-Pack,,120,Black / Pink,1500,57.67,24.7,FALSE
Apevia C 3-Pack,,120,Black / Multicolor,1500,57.67,24.7,FALSE
Apevia C 3-Pack,,120,Black / Blue,1500,57.67,24.7,FALSE
Apevia C 5-Pack,26.95,120,Black / White,1500,57.67,24.7,FALSE
Apevia C 5-Pack,27.95,120,Black / Red,1500,57.67,24.7,FALSE
Apevia C 5-Pack,27.95,120,Black / Green,1500,57.67,24.7,FALSE
Apevia C 5-Pack,,120,Black / Blue,1500,57.67,24.7,FALSE
Apevia C 5-Pack,,120,Black / Pink,1500,57.67,24.7,FALSE
Apevia CF12S,,120,Clear,1700,63.85,29.67,FALSE
Apevia CF12S-BK,7.99,120,Black,1500,57.67,24.7,FALSE
Apevia CF12SL-4C,,120,Clear,1700,63.85,29.67,FALSE
Apevia CF12SL-B4C,,120,Clear,1500,50.28,21.1,FALSE
Apevia CF12SL-BBL,,120,Blue,1500,50.28,21.1,FALSE
Apevia CF12SL-BGN,,120,Green,1500,50.28,21.1,FALSE
Apevia CF12SL-BRD,,120,Red,1500,50.28,21.1,FALSE
Apevia CF12SL-SBL,,120,Blue,1500,50.28,21.1,FALSE
Apevia CF12SL-SGN,,120,Green,1500,50.28,21.1,FALSE
Apevia CF12SL-SOG,,120,Black / Orange,1500,50.28,21.1,FALSE
Apevia CF12SL-SRD,9.99,120,Red,1500,50.28,21.1,FALSE
Apevia CF12SL-T4C,,120,Black,1500,50.28,21.1,FALSE
Apevia CF12SL-TBL,,120,Black,1500,50.28,21.1,FALSE
Apevia CF12SL-TGN,,120,Black,1500,50.28,21.1,FALSE
Apevia CF12SL-TRD,,120,Black,1500,50.28,21.1,FALSE
Apevia CF12SL-UBL,,120,Blue,1500,57.67,24.7,FALSE
Apevia CF12SL-UGN,7.99,120,Green,1700,63.85,29.67,FALSE
Apevia CF12SL-URED,,120,Red,1500,57.67,24.7,FALSE
Apevia CF12S-UBL,,120,Blue,1700,63.85,29.67,FALSE
Apevia CF312S-BK,,120,Black,1500,57.67,24.7,FALSE
Apevia CF312SL-UBL 3-Pack,,120,Blue,1700,63.85,29.67,FALSE
Apevia CF312SL-UGN 3-Pack,14.95,120,Green,1700,,29.67,FALSE
Apevia CF312SL-URD 3-Pack,,120,Red,1700,,29.67,FALSE
Apevia Cosmos 3-Pack,16.98,120,,1350,"57.67,56.67",24.7,FALSE
Apevia Cosmos 3-Pack,,120,Orange / Black,1350,57.67,24.7,FALSE
Apevia Cosmos 5-Pack,,120,Orange / Black,1350,57.67,24.7,FALSE
Apevia Electro 6-Pack,42.99,120,White / Black,1350,57.67,24.7,FALSE
Apevia FrostBlade 4-Pack,,120,Black,1350,57.67,24.7,FALSE
Apevia FrostBlade 4-Pack,,120,Black,1350,57.67,24.7,FALSE
Apevia FrostBlade 6-Pack,,120,Black,1350,57.67,24.7,FALSE
Apevia Lunar Pro 4-Pack,29.99,120,White / Black,1350,57.67,24.7,FALSE
Apevia Lunar Pro 4-Pack,35.99,120,White / Black,1350,57.67,24.7,FALSE
Apevia Phoenix 4-Pack,,120,White / Black,1350,57.67,24.7,FALSE
Apevia Phoenix 4-Pack,,120,White / Black,1350,57.67,24.7,FALSE
Apevia Phoenix 6-Pack,,120,White / Black,1350,57.67,24.7,FALSE
Apevia S,,120,Black / Pink,1500,57.67,24.7,TRUE
Apevia S 2-Pack,,120,Black / Orange,1500,50.28,21.1,FALSE
Apevia S 3-Pack,17.95,120,Black / Red,1500,57.67,24.7,FALSE
Apevia S 3-Pack,,120,Black / Orange,1500,50.28,21.1,FALSE
Apevia S 5-Pack,,120,Black / Orange,1500,50.28,21.1,FALSE
Apevia Spectra 6-Pack,,120,Black,1350,57.67,24.7,TRUE
Apevia Twilight 4-Pack,,120,White / Black,1350,57.67,24.7,FALSE
Apevia Twilight 4-Pack,,120,White / Black,1350,57.67,24.7,FALSE
Apevia Twilight 6-Pack,43.99,120,White / Black,1350,57.67,24.7,FALSE
Apevia U 2-Pack,,120,Orange,1700,63.85,29.67,FALSE
Apevia U 3-Pack,,120,Orange,1700,63.85,29.67,FALSE
Apevia U 5-Pack,,120,Orange,1700,63.85,29.67,FALSE
APNX FP1,10.9,120,Black,"5,001,600",74.6,"15.3,33.2",TRUE
APNX FP1,10.9,120,White,"5,001,600",74.6,"15.3,33.2",TRUE
APNX FP2,19.89,120,Black,"5,001,800",83.87,"15.3,34.8",TRUE
APNX FP2,19.89,120,White / Black,"5,001,800",83.87,"15.3,34.8",TRUE
ARCTIC BioniX F120,13.2,120,Black / White,"2,001,800",69,24.4,TRUE
ARCTIC BioniX F120,,120,Black / Red,"2,001,800",69,24.4,TRUE
ARCTIC BioniX F120,16.37,120,Black / Yellow,"2,001,800",69,24.4,TRUE
ARCTIC BioniX F120,16.16,120,Black / Green,"2,001,800",69,24.4,TRUE
ARCTIC BioniX P120,13.72,120,White / Black,"2,002,100",67.56,,TRUE
ARCTIC BioniX P120,14.54,120,Red / Black,"2,002,100",67.56,,TRUE
ARCTIC BioniX P120,18.51,120,Green / Black,"2,002,100",67.56,,TRUE
ARCTIC BioniX P120,,120,Yellow / Black,"2,002,100",67.56,,TRUE
ARCTIC BioniX P120 A-RGB,25.18,120,Black,"4,002,300",48,30,TRUE
ARCTIC BioniX P120 A-RGB 3-Pack,,120,Black,"4,002,300",48,30,TRUE
ARCTIC F,14.99,120,Black,"2,301,350",53,,TRUE
ARCTIC F Silent,9.74,120,White / Black,800,37,,FALSE
ARCTIC F12,7.07,120,Black,1350,53,22.5,FALSE
ARCTIC F12,,120,White / Black,1300,74,,FALSE
ARCTIC F12,,120,White / Black,1350,53,22.5,TRUE
ARCTIC F12 5-Pack,22.95,120,Black,1350,53,22.5,FALSE
ARCTIC F12 CO,12.24,120,Black,"6,001,350",74,,TRUE
ARCTIC F12 Pro,,120,White / Black,1500,54,,FALSE
ARCTIC F12 Pro,,120,White / Black,1350,57,,FALSE
ARCTIC F12 Pro,,120,White / Black,1500,57,,TRUE
ARCTIC F12 Pro,,120,White / Black,1500,54,,FALSE
ARCTIC F12 PST,9.99,120,Black,"2,301,350",53,22.5,TRUE
ARCTIC F12 PST,10.99,120,White,"2,301,350",53,22.5,TRUE
ARCTIC F12 PST,10.44,120,Black / White,1350,53,,TRUE
ARCTIC F12 PST 3-Pack,29.04,120,Black,"2,301,350",53,22.5,TRUE
ARCTIC F12 PST 4-Pack,,120,Black,"2,301,350",53,22.5,TRUE
ARCTIC F12 PST 5-Pack,29.31,120,Black,"2,301,350",53,22.5,TRUE
ARCTIC F12 PST 5-Pack,,120,White / Black,"3,001,350",53,,TRUE
ARCTIC F12 TC,14.99,120,White / Black,1350,53,,FALSE
ARCTIC F9 Pro,,120,White / Black,1500,57,,TRUE
ARCTIC P12,8.99,120,Black,"2,001,800",56.3,,TRUE
ARCTIC P12,8.49,120,Black,1800,56.3,,FALSE
ARCTIC P12,9.47,120,Black / Transparent,"2,001,800",56.3,22.5,TRUE
ARCTIC P12,12.46,120,White,"2,001,800",56.3,22.5,TRUE
ARCTIC P12,10.99,120,Black / Transparent,"2,001,800",56.3,22.5,TRUE
ARCTIC P12,11.34,120,White / Translucent White,"2,001,800",56.3,22.5,TRUE
ARCTIC P12 5-Pack,23.99,120,Black,1800,56.3,,FALSE
ARCTIC P12 Max,9.99,120,Black,"2,003,300",81.04,,TRUE
ARCTIC P12 Max,14.49,120,White,"2,003,300",81.04,,TRUE
ARCTIC P12 Max 5-Pack,35.99,120,Black,"2,003,300",81.04,,TRUE
ARCTIC P12 PST,10.34,120,White,"2,001,800",56.3,,TRUE
ARCTIC P12 PST,14.99,120,Black / Translucent Black,"2,001,800",56.3,,TRUE
ARCTIC P12 PST,14.99,120,White / Transparent,"2,001,800",56.3,,TRUE
ARCTIC P12 PST 5-Pack,34.99,120,Black,"2,001,800",56.3,22.5,TRUE
ARCTIC P12 PST A-RGB 0dB,16.98,120,Black,,48.8,,TRUE
ARCTIC P12 PST A-RGB 0dB 3-Pack,42.99,120,Black,,48.8,,TRUE
ARCTIC P12 PST CO,11.47,120,Black,"2,001,800",56.3,,TRUE
ARCTIC P12 PST RGB 0dB,14.99,120,Black,,48.8,,TRUE
ARCTIC P12 PWM PST A-RGB 0dB,,120,White / Gray,,48.8,,TRUE
ARCTIC P12 PWM PST A-RGB 0dB 3-Pack,,120,White / Gray,,48.8,,TRUE
ARCTIC P12 Silent,8.1,120,Black,1050,24.1,,FALSE
ARCTIC P12 Slim PWM PST,8.99,120,Black,"3,002,100",41.1,22.5,TRUE
ARCTIC P12 Slim PWM PST 3-Pack,22.36,120,Black,"3,002,100",42.1,22.5,TRUE
Asiahorse FS-N001 3-Pack,,120,White,"8,001,500",,,TRUE
Asus ROG STRIX XF,24.98,120,Black,1800,62.5,22.5,TRUE
Asus TUF Gaming TF120 ARGB,18.98,120,Black / White,"2,501,900",76,29,TRUE
Asus TUF Gaming TF120 ARGB 3-Pack,49.99,120,Black / White,"2,501,900",76,29,TRUE
Asus TUF GAMING TF120 ARGB White,15.99,120,White,"2,501,900",76,29,TRUE
Asus TUF GAMING TF120 ARGB White 3in1 3-Pack,49.99,120,White,"2,501,900",76,29,TRUE
Athena Power FANC-12025S,,120,Black,1500,54,30,FALSE
Azza Hurricane,,120,Black,1500,47,28.7,FALSE
Azza Hurricane,,120,Black / White,"10,001,800",56.12,29.8,TRUE
Azza Hurricane 3-Pack,,120,Black,1200,56.12,33.8,TRUE
Azza Hurricane 6-Pack,,120,Black,"8,001,800",56.12,29.8,TRUE
Azza Hurricane II Digital,,120,White,"10,001,800",43.06,29,TRUE
Azza Hurricane III Digital,18.98,120,White,"10,001,800",49.1,26.29,TRUE
Azza Hurricane Lite 3-Pack,,120,Black / White,1500,47,28.7,FALSE
Azza Prisma Digital,,120,Black / White,"8,001,600",52.1,31,TRUE
be quiet! Light Wings 3-Pack,54.9,120,White,2500,52.3,31,TRUE
be quiet! Light Wings 3-Pack,54.9,120,White,1700,41.51,20.6,TRUE
be quiet! Light Wings PWM,24.9,120,Black,1700,41.51,20.6,TRUE
be quiet! Light Wings PWM 3-Pack,54.9,120,Black,1700,41.51,20.6,TRUE
be quiet! Light Wings PWM high-speed,23.93,120,Black,2500,52.3,31,TRUE
be quiet! Light Wings PWM high-speed 3-Pack,54.9,120,Black,2500,52.3,31,TRUE
be quiet! Pure Wings 2,9.9,120,Black,"5,001,500","51.4,87",20.2,TRUE
be quiet! Pure Wings 2,7.9,120,Black,2000,65.51,36.9,TRUE
be quiet! Pure Wings 2,9.9,120,Black,1500,51.4,19.2,FALSE
be quiet! Pure Wings 2,10.9,120,Black,2000,65.51,35.9,FALSE
be quiet! Pure Wings 3,9.9,120,Black,2100,59.6,30.9,TRUE
be quiet! Pure Wings 3,8.9,120,Black,1600,49.9,25.5,TRUE
be quiet! Pure Wings 3,9.9,120,Black,1600,49.9,25.5,FALSE
be quiet! Pure Wings 3 PWM,10.9,120,White,1600,,25.5,TRUE
be quiet! Pure Wings 3 PWM High-Speed,10.9,120,White,2100,59.6,30.9,TRUE
be quiet! Shadow Wings,,120,Black,1500,50.5,18.9,TRUE
be quiet! Shadow Wings 2,14.9,120,Black,1100,38.5,15.9,TRUE
be quiet! Shadow Wings 2,14.9,120,Black,1100,38.5,15.7,FALSE
be quiet! Shadow Wings 2,16.89,120,White / Black,900,38.5,15.9,TRUE
be quiet! Shadow Wings 2,17.98,120,White / Black,1100,"38.5,65",15.7,FALSE
be quiet! Silent Wings 2,,120,Black,1500,50.5,15.7,FALSE
be quiet! Silent Wings 2,,120,Black,1500,50.5,16.5,TRUE
be quiet! Silent Wings 3,,120,Black,1450,50.5,16.4,TRUE
be quiet! Silent Wings 3,,120,Black,2200,73.33,28.6,TRUE
be quiet! Silent Wings 3,25.77,120,Black,2200,73.33,28.6,FALSE
be quiet! Silent Wings 3,,120,Black,1450,50.5,16.4,FALSE
be quiet! Silent Wings 4,17.89,120,Black,2500,76.7,"32.1,31.2",TRUE
be quiet! Silent Wings 4,17.89,120,Black,1600,48.7,18.9,TRUE
be quiet! Silent Wings 4,24.9,120,White,2500,76.7,31.2,TRUE
be quiet! Silent Wings 4,24.9,120,White,1600,48.7,18.9,TRUE
be quiet! Silent Wings 4,22.9,120,Black,1600,48.7,18.9,FALSE
be quiet! Silent Wings Pro 4,27.9,120,Black,3000,83.9,36.9,TRUE
be quiet! Silent Wings Pro 4,32.9,120,White,3000,83.9,36.9,TRUE
BGears b-ARGB Vortex,18.99,120,White / Black,"6,001,800",101,28,TRUE
BitFenix Spectre,,120,Black,1000,43.5,20,FALSE
BitFenix Spectre,,120,Black,1000,43.5,20,FALSE
BitFenix Spectre,,120,White,1800,51.3,22.5,FALSE
BitFenix Spectre,,120,White,1000,43.5,20,FALSE
BitFenix Spectre,,120,Black,1000,43.5,20,FALSE
BitFenix Spectre,,120,Black,1000,43.5,20,FALSE
BitFenix Spectre,,120,Black,1000,43.5,20,FALSE
BitFenix Spectre,,120,Translucent Black,1800,51.3,22.5,TRUE
BitFenix Spectre,,120,Translucent Black,1800,51.3,22.5,FALSE
BitFenix Spectre,,120,Translucent Black,"7,001,800",51.3,22.5,TRUE
BitFenix Spectre,,120,Black,1000,43.5,20,FALSE
BitFenix Spectre,,120,Translucent Black,"7,001,800",51.3,22.5,TRUE
BitFenix Spectre,,120,Translucent Black,"7,001,800",51.3,22.5,TRUE
BitFenix Spectre,,120,Black,"7,001,800",51.3,22.5,TRUE
BitFenix Spectre Pro,,120,Black / White,1200,56.22,18.9,FALSE
BitFenix Spectre Pro,,120,Black,1200,56.22,18.89,FALSE
BitFenix Spectre Pro,,120,White,1200,56.22,18.89,FALSE
BitFenix Spectre Pro,,120,Black,"5,001,800",70.52,26.1,TRUE
BitFenix Spectre Pro,,120,Black / White,1200,56.22,18.9,FALSE
BitFenix Spectre Pro,,120,Black,1200,56.22,18.89,FALSE
BitFenix Spectre Pro,,120,Clear,1200,56.22,18.89,FALSE
BitFenix Spectre Pro,,120,Black,1200,56.22,18.89,FALSE
BitFenix Spectre Pro,,120,Black,1200,56.22,18.89,FALSE
BitFenix Spectre Pro,,120,White,"5,001,800",70.52,26.1,TRUE
BitFenix Spectre Xtreme,,120,Black / Blue,"9,502,000",66,30,FALSE
BitFenix Spectre Xtreme,,120,Black / Green,"9,502,000",66,30,FALSE
BitFenix Spectre Xtreme,,120,Black,"9,502,000",66,30,FALSE
BitFenix Spectre Xtreme,9.99,120,Black / Red,"9,502,000",66,30,FALSE
BitFenix Spectre Xtreme,,120,Black / White,"9,502,000",66,30,FALSE
Bitspower NJord Dual Fin 3-Pack,,120,Black / White,"8,001,800","53,56.9","25,28",TRUE
Bitspower Notos,10.69,120,Black / White,"8,001,800",,"25,28",TRUE
Bitspower Notos 3-Pack,69.98,120,Black / White,"8,001,800",,"25,28",TRUE
Bitspower Notos 5-Pack,,120,Black / White,"8,001,800",,"25,28",TRUE
Bitspower Touchaqua NJORD RGB 3-Pack,,120,Black / White,"8,002,000",70,29,TRUE
Cooler Master Blade Master,,120,Black,"6,002,000","21.2,76.8","13,32",TRUE
Cooler Master Excalibur,,120,Black,"6,002,000","26.4,85.6","13,30",FALSE
Cooler Master JetFlo,29.99,120,Black,"12,002,000",95,36,TRUE
Cooler Master JetFlo,,120,Black,"12,002,000",95,36,TRUE
Cooler Master JetFlo,,120,Black,"12,002,000",95,36,TRUE
Cooler Master JetFlo,,120,Black,"12,002,000",95,36,TRUE
Cooler Master MasterFan Lite,,120,Black,1200,32,25,FALSE
Cooler Master MasterFan Lite,,120,Black,1200,32,25,FALSE
Cooler Master MasterFan Lite,,120,Black,1200,32,25,FALSE
Cooler Master MasterFan MF Halo,21.99,120,Black,"6,501,800",47.2,"6,30",TRUE
Cooler Master MasterFan MF Halo,22.79,120,White,"6,501,800",47.2,"6,30",TRUE
Cooler Master MasterFan MF Halo 3-Pack,56.03,120,Black,"6,501,800",47.2,"6,30",TRUE
Cooler Master MasterFan MF Halo 3-Pack,72.2,120,White,"6,501,800",47.2,"6,30",TRUE
Cooler Master MasterFan MF Prismatic,31.02,120,Black / White,"6,502,000",55,"8,27",TRUE
Cooler Master MasterFan MF Prismatic 3-Pack,79.13,120,Black / White,"6,502,000",55,"8,27",TRUE
Cooler Master MasterFan MF120 Halo²,23.33,120,Black,,51.88,27,TRUE
Cooler Master MasterFan MF120 Halo²,15.99,120,White,,51.88,27,TRUE
Cooler Master MasterFan MF120R,,120,Black,"6,502,000",59,31,TRUE
Cooler Master MasterFan MF120R 3-Pack,69.98,120,Black,"6,502,000",59,31,TRUE
Cooler Master MasterFan MFL RGB,,120,Black,1200,32.5,25,FALSE
Cooler Master MasterFan MFR RGB,,120,Black,"6,502,000",49,30,TRUE
Cooler Master MasterFan Pro Air Balance,,120,Black / White,"6,501,300",42.7,"6,20",TRUE
Cooler Master MasterFan Pro Air Balance,,120,Black,"6,502,500","42.7,83.1","6,36",TRUE
Cooler Master MasterFan Pro Air Balance 3-Pack,,120,Black,1300,42.7,20,TRUE
Cooler Master MasterFan Pro Air Flow,,120,Black,"6,501,100",48.8,"6,20",TRUE
Cooler Master MasterFan Pro Air Flow,,120,Black,"6,501,900","48.8,84.5","6,36",TRUE
Cooler Master MasterFan Pro Air Flow 3-Pack,,120,,"6,501,100",48.8,"6,20",TRUE
Cooler Master MasterFan Pro Air Pressure,,120,Black,"6,502,750","35,62.1","6,36",TRUE
Cooler Master MasterFan Pro Air Pressure,,120,Black,"6,501,500",35,"6,20",TRUE
Cooler Master MasterFan Pro Air Pressure 3-Pack,,120,Black,"6,501,500",35,"6,20",TRUE
Cooler Master MasterFan SF120M,,120,Black,"6,502,000","35,62","5.5,22",TRUE
Cooler Master MasterFan SF120M ARGB,23.79,120,Black,"6,502,000","35,62","5.5,22",TRUE
Cooler Master MasterFan SF120P,19.98,120,Black,"6,502,000",43,"8,30",TRUE
Cooler Master MasterFan SF120R,,120,Black,"6,502,000",59,"8,30",TRUE
Cooler Master MasterFan SF120R,,120,Black,"6,502,000",59,"8,30",TRUE
Cooler Master MasterFan SFR,,120,Black,"6,502,000",59,"8,30",TRUE
Cooler Master MOBIUS 120,8.98,120,Black,,63.1,22.6,TRUE
Cooler Master MOBIUS 120P ARGB,20.98,120,Black,,75.2,30,TRUE
Cooler Master MOBIUS 120P ARGB,29.58,120,White,,75.2,30,TRUE
Cooler Master MOBIUS 120P ARGB 30TH ANNIVERSARY EDITION,,120,Black / Blue,,75.2,30,TRUE
Cooler Master Mobius OC,33.4,120,Blue / Black,,"40.2,88.1","17.4,39.3",TRUE
Cooler Master R4-C2R-20AC-GP,,120,Black,2000,69,19,FALSE
Cooler Master R4-L2S-122B-GP 2-Pack,,120,Clear,1200,39.77,19.3,FALSE
Cooler Master R4-S2S-124K-GP 4-Pack,,120,Black,1200,44.73,19.1,FALSE
Cooler Master SickleFlow,9.99,120,Black,"6,501,800",62,"8,27",TRUE
Cooler Master SickleFlow,,120,Black,"6,501,800",62,"8,27",TRUE
Cooler Master SickleFlow,13.98,120,Black,"6,501,800",62,"8,27",TRUE
Cooler Master SickleFlow,,120,Black,"6,501,800",62,"8,27",TRUE
Cooler Master SickleFlow,17.98,120,Black,"6,501,800",62,"8,27",TRUE
Cooler Master SickleFlow,19.98,120,Clear,2000,69,19,FALSE
Cooler Master SickleFlow,,120,Translucent Gray,2000,69.69,19,FALSE
Cooler Master SickleFlow,,120,Translucent Gray,2000,69.69,19,FALSE
Cooler Master SickleFlow 120 ARGB,29.03,120,White,"6,501,800",62,"8,27",TRUE
Cooler Master SickleFlow 120 ARGB 3 In 1 3-Pack,36.99,120,White,"6,501,800",62,"8,27",TRUE
Cooler Master SickleFlow 3-Pack,56.93,120,Black,"6,501,800",62,"8,27",TRUE
Cooler Master SickleFlow ARGB Reverse Edition,20.99,120,Black / White,"6,501,800",62,"8,27",TRUE
Cooler Master Silencio FP,14.99,120,Black,2400,38,11,TRUE
Cooler Master Silencio FP,19.98,120,Black,1400,"16.39,44","6.5,14",TRUE
Cooler Master Silencio FP,82.22,120,Black,1200,38,11,FALSE
Cooler Master Super Fan,,120,Black,1200,44.73,19.1,FALSE
Cooler Master Turbine Master Mach 1.8,,120,Black,1800,80.3,30.5,FALSE
Cooler Master XtraFlo,,120,Black / Red,"8,002,200","34.02,93.74","15,38",TRUE
Corsair AF120,,120,Purple,1500,52.19,25.2,FALSE
Corsair AF120,,120,Black,1500,52.19,25.2,FALSE
Corsair AF120,,120,Black,1500,52.19,25.2,FALSE
Corsair AF120,,120,White,1500,52.19,25.2,FALSE
Corsair AF120,,120,Black,1500,52.19,25.2,FALSE
Corsair AF120 (2018),,120,Black / White,1400,52,26,FALSE
Corsair AF120 (2018),,120,Black / White,1400,52,26,FALSE
Corsair AF120 (2018),,120,Black / White,1400,52,26,FALSE
Corsair AF120 (2018) 3-Pack,,120,Black / White,1400,52,26,FALSE
Corsair AF120 (2018) 3-Pack,,120,Black / White,1400,52,26,FALSE
Corsair AF120 (2018) 3-Pack,,120,Black / White,1400,52,26,FALSE
Corsair AF120 ELITE,19.55,120,Black,"4,001,850","10.9,59.1",31.5,TRUE
Corsair AF120 ELITE,16.82,120,White / Gray,"4,001,850","10.9,59.1",31.5,TRUE
Corsair AF120 Performance,,120,Black,1650,63.47,30,FALSE
Corsair AF120 Performance 2-Pack,,120,Black,1650,63.47,30,FALSE
Corsair AF120 Quiet,,120,Black / Red,1500,52.19,25.2,FALSE
Corsair AF120 Quiet,47.29,120,Black,1100,39.88,21,FALSE
Corsair AF120 Quiet,,120,Black,1500,52.19,25.2,FALSE
Corsair AF120 Quiet 2-Pack,,120,Black / Blue,1500,52.19,25.2,FALSE
Corsair AF120 Quiet 2-Pack,,120,Black,1100,39.88,21,FALSE
Corsair AF120 SLIM,24.99,120,Black,"6,002,000","13.4,56.3","5,25.6",TRUE
Corsair AF120 SLIM,24.99,120,White,"6,002,000","13.4,56.3","5,25.6",TRUE
Corsair HD120,,120,Black / White,"8,001,725",54.4,"18,30",TRUE
Corsair HD120,,120,Black / White,"8,001,725",54.4,"18,30",TRUE
Corsair HD120 3-Pack,,120,Black / White,"8,001,725",54.4,"18,30",TRUE
Corsair iCUE AF120 RGB ELITE 3-Pack,76.3,120,Black,"5,502,100","13.8,65.57","5,34.1",TRUE
Corsair iCUE AF120 RGB ELITE 3-Pack,89.99,120,White,"5,502,100","13.8,65.57","5,34.1",TRUE
Corsair iCUE AF120 RGB SLIM,27.99,120,Black,"6,002,000","13.4,56.3",27.5,TRUE
Corsair iCUE AF120 RGB SLIM,29.99,120,White,"6,002,000","13.4,56.3",27.5,TRUE
Corsair iCUE AF120 RGB SLIM 2-Pack,65.3,120,Black,"6,002,000","13.4,56.3",27.5,TRUE
Corsair iCUE AF120 RGB SLIM 2-Pack,40.79,120,White,"6,002,000","13.4,56.3",27.5,TRUE
Corsair iCUE AR120 Digital RGB,19.98,120,Black,"4,001,850","10.7,59","10,27.3",TRUE
Corsair iCUE AR120 Digital RGB,18.98,120,White,"4,001,850","10.7,59","10,27.3",TRUE
Corsair iCUE AR120 Digital RGB 3-Pack,44.99,120,Black,"4,001,850","10.7,59","10,27.3",TRUE
Corsair iCUE AR120 Digital RGB 3-Pack,44.99,120,White,"4,001,850","10.7,59","10,27.3",TRUE
Corsair iCUE LINK QX120 RGB Starter Kit 3-Pack,124.99,120,Black,"4,802,400","16.44,63.1",,TRUE
Corsair iCUE LINK QX120 RGB Starter Kit 3-Pack,159.99,120,White,"4,802,400","16.44,63.1",,TRUE
Corsair iCUE LINK RX120 3-Pack,94.99,120,Black / White,2100,"10.5,74.2","10,36",FALSE
Corsair iCUE LINK RX120 3-Pack,82.99,120,Black,2100,"10.5,74.2","10,36",FALSE
Corsair iCUE LINK RX120 3-Pack,89.99,120,White,2100,"10.5,74.2","10,36",FALSE
Corsair iCUE ML RGB ELITE Premium,,120,Black,"4,502,000","14.86,58.1","10,30.4",TRUE
Corsair iCUE ML RGB ELITE Premium 3-Pack,59.25,120,Black,"4,502,000","14.86,58.1","10,30.4",TRUE
Corsair iCUE ML120 RGB ELITE Premium,29.19,120,White / Gray,"4,502,000","14.86,58.1","10,30.4",TRUE
Corsair iCUE ML120 RGB ELITE Premium 3-Pack,107.07,120,White / Gray,"4,502,000","14.86,58.1","10,30.4",TRUE
Corsair iCUE QL120,29.99,120,Black,"5,251,500",41.8,26,TRUE
Corsair iCUE QL120,30.59,120,White / Black,"5,251,500",41.8,26,TRUE
Corsair iCUE QL120 3-Pack,89.99,120,Black,1500,41.8,26,TRUE
Corsair iCUE QL120 3-Pack,98.99,120,White / Black,"5,251,500",41.8,26,TRUE
Corsair iCUE SP RGB ELITE,24.99,120,White,"4,001,500",47.73,28,TRUE
Corsair iCUE SP RGB ELITE 3-Pack,69.98,120,White,"4,001,500",47.73,28,TRUE
Corsair iCUE SP120 RGB ELITE,19.98,120,Black / White,"4,001,500",,,TRUE
Corsair iCUE SP120 RGB ELITE 3-Pack,59.99,120,Black / White,"4,001,500",,,TRUE
Corsair iCUE SP120 RGB Pro,,120,Black,1400,52,26,FALSE
Corsair iCUE SP120 RGB Pro 3-Pack,,120,Black,1400,52,26,FALSE
Corsair LL120,27.99,120,Black,"6,001,500",43.25,24.8,TRUE
Corsair LL120,34.99,120,White,2200,63,36,TRUE
Corsair LL120 3-Pack,69.99,120,Black,"6,001,500",43.25,24.8,TRUE
Corsair LL120 3-Pack,69.98,120,White,2200,63,36,TRUE
Corsair ML Elite,19.98,120,Black,"4,502,000","14.86,58.1","10,30.4",TRUE
Corsair ML Elite,27.05,120,White,"4,502,000","14.86,58.1","10,30.4",TRUE
Corsair ML Elite,15.98,120,Black,"4,502,000","14.86,58.1","10,30.4",TRUE
Corsair ML Elite,24.98,120,White,"4,502,000","14.86,58.1","10,30.4",TRUE
Corsair ML Elite,24.98,120,White,"4,502,000","14.86,58.1","10,30.4",TRUE
Corsair ML Elite,,120,Black,"4,502,000","14.86,58.1","10,30.4",TRUE
Corsair ML120 2-Pack,,120,White / Black,"4,002,400","12,75","16,37",TRUE
Corsair ML120 Pro,13.81,120,Black / Red,"4,002,400","12,75","16,37",TRUE
Corsair ML120 Pro,,120,Black,"4,002,400","12,75","16,37",TRUE
Corsair ML120 Pro,,120,White / Black,"4,002,400","12,75","16,37",TRUE
Corsair ML120 Pro,37.76,120,Black / Blue,"4,002,400","12,75","16,37",TRUE
Corsair ML120 PRO,,120,Black / White,"4,001,600",47.3,25,TRUE
Corsair ML120 PRO 3-Pack,166.1,120,Black / White,"4,001,600",47.3,25,TRUE
Corsair RS120 MAX,34.99,120,Black,2000,"16.5,72",29.5,TRUE
Corsair RS120 MAX 3-Pack,94.99,120,Black,2000,"16.5,72",29.5,TRUE
Corsair SP120,34.47,120,Black,2350,62.74,35,TRUE
Corsair SP120,,120,Black / Red,1650,57.24,26.4,FALSE
Corsair SP120,,120,Black / Blue,1650,57.24,26.4,FALSE
Corsair SP120,,120,Black / Green,1650,57.24,26.4,FALSE
Corsair SP120,,120,Black / White,1650,57.24,26.4,FALSE
Corsair SP120,,120,Black / Purple,1650,57.24,26.4,FALSE
Corsair SP120 2-Pack,,120,Black / White,1650,57.24,26.4,FALSE
Corsair SP120 2-Pack,,120,Black / Red,1650,57.24,26.4,FALSE
Corsair SP120 2-Pack,,120,Black / Blue,1650,57.24,26.4,FALSE
Corsair SP120 2-Pack,,120,Black / Purple,1650,57.24,26.4,FALSE
Corsair SP120 2-Pack,,120,Black / Green,1650,57.24,26.4,FALSE
Corsair SP120 3-Pack,,120,White / Black,1400,52,26,TRUE
Corsair SP120 ELITE,14.99,120,Black,"3,001,300","6.37,45.4","5,20.6",TRUE
Corsair SP120 High Performance,80,120,Black,2350,62.74,35,FALSE
Corsair SP120 High Performance,,120,White / Black,1400,52,26,TRUE
Corsair SP120 High Performance,74.98,120,White / Black,1400,52,26,TRUE
Corsair SP120 High Performance 2-Pack,,120,Black,2350,62.74,35,FALSE
Corsair SP120 High Performance Edition,,120,Black,2350,62.74,35,TRUE
Corsair SP120 Quiet,57.35,120,Black,1450,37.85,23,FALSE
Corsair SP120 Quiet,,120,Black,1450,37.85,23,TRUE
Corsair SP120 Quiet 2-Pack,,120,Black,1450,37.85,23,FALSE
Corsair SP120 Quiet 2-Pack,,120,Black,1450,37.85,23,TRUE
Cougar CFD,,120,Blue,1200,64.37,16.6,FALSE
Cougar CFD,,120,Black / White,1200,64.37,16.6,FALSE
Cougar Dual-X,28.94,120,Green,,64.37,16.6,FALSE
Cougar Dual-X,,120,Orange,1200,64.37,16.6,FALSE
Cougar Turbine,,120,Black,1200,60.4,17.7,FALSE
Cougar Turbine 4-Pack,,120,Orange,1200,60.4,17.7,FALSE
Cougar Vortex,19.98,120,Orange,1200,60.4,17.7,FALSE
Cougar Vortex,16.01,120,Black,1200,60.4,17.7,FALSE
Cougar Vortex,,120,Black,"8,001,500",70.5,17.89,FALSE
Cougar Vortex,,120,Orange,"8,001,500",70.5,17.9,FALSE
Cougar Vortex,,120,Black,"6,001,500",43.54,26,TRUE
Cougar Vortex,,120,Black,1200,36.72,24.3,FALSE
Cougar Vortex,,120,,1200,36.72,24.3,FALSE
Cougar Vortex,,120,Black / Red,1200,36.72,24.3,FALSE
Cougar VORTEX FCB,,120,Black,1200,36.72,24.3,FALSE
Cougar VORTEX SPB,,120,Black,"6,001,500",43.54,26,TRUE
Cougar VORTEX SPB 3-Pack,,120,Black,"6,001,500",43.54,26,TRUE
Cougar VORTEX VK120,,120,Black,"6,001,500",48.98,29.8,TRUE
Cougar VORTEX VK120 3-Pack,,120,Black,"6,001,500",48.98,29.8,TRUE
CRYORIG Crona,,120,Black,"4,001,700",,"16.5,29.7",TRUE
CRYORIG Crona,,120,White,"4,001,700",,"16.5,29.7",TRUE
CRYORIG Crona 3-Pack,,120,Black,"4,001,700",,"16.5,29.7",TRUE
CRYORIG Crona 3-Pack,,120,White,"4,001,700",,"16.5,29.7",TRUE
CRYORIG QF Performance,,120,Black / White,"6,002,200",83,"13,37",TRUE
CRYORIG QF Silent,,120,Black / White,"2,001,000",44,"5,19",TRUE
CRYORIG QF120 Balance,,120,Black / White,"3,301,600",49,"10,25",TRUE
CRYORIG QF120 Balance,,120,Black / White,"3,301,600",59,"10,25",TRUE
CRYORIG QF120 Performance,,120,Black / White,"6,002,200",83,"13,37",TRUE
CRYORIG QF120 Silent,,120,Black / White,"2,001,000",44,"5,19",TRUE
darkFlash Aurora DR12 PRO 5-Pack,,120,Black,1200,20.34,16,FALSE
darkFlash CF8 Pro 3-Pack,,120,Transparent,,,,FALSE
darkFlash CF8 Pro 5-Pack,,120,Transparent,,,,FALSE
Deepcool CF,,120,Black,"5,001,500",56.5,"17.8,27",TRUE
Deepcool CF 3-Pack,89.99,120,,"5,001,500",56.5,"17.8,27",TRUE
Deepcool CF120 Plus 3-Pack,34.99,120,Black / White,"5,001,800",52.5,28.8,TRUE
Deepcool CF120 Plus 3-Pack,,120,White,"5,001,800",52.5,28.8,TRUE
Deepcool FC120,15.99,120,Black,"5,001,800",,,TRUE
Deepcool FC120 WHITE-3 IN 1 3-Pack,34.99,120,White,"5,001,800",61.91,28,TRUE
Deepcool FC120-3 IN 1 3-Pack,34.99,120,Black,"5,001,800",61.91,28,TRUE
Deepcool FK120,,120,Black,"5,001,850",68.99,28,TRUE
Deepcool FK120 3-Pack,29.99,120,,"5,001,850",68.99,28,TRUE
Deepcool GF,,120,Black,"5,001,800",79.81,"17.6,32.5",TRUE
Deepcool GS,,120,Gray / White,1800,61.93,"18.2,31.4",TRUE
Deepcool Ice Blade,,120,Black,"9,001,500",60.29,"21.4,32.1",TRUE
Deepcool MF 3-Pack,,120,Black,"5,002,200",56,37.9,TRUE
Deepcool MF GT 3-Pack,49.99,120,Black,"5,001,800",60.6,35,TRUE
Deepcool MF S 3-Pack,,120,Silver / Black,"4,001,500",37.1,26,TRUE
Deepcool RF 120,29.99,120,Black / White,"5,001,500",56.5,"17.8,27",TRUE
Deepcool RF 120 3-Pack,79.98,120,Black / Clear,"5,001,500",56.5,"17.8,27",TRUE
Deepcool RF M 5-Pack,,120,Black / White,"5,001,500",56.5,27,TRUE
Deepcool TF 120,,120,Black / White,"5,001,800","58.39,76.52","17.6,31.8",TRUE
Deepcool TF 120,,120,Black / Blue,"5,001,800","58.39,76.52","17.6,31.8",TRUE
Deepcool TF 120,,120,Black / Red,"5,001,800","58.39,76.52","17.6,31.8",TRUE
Deepcool UF,,120,White / Blue,"5,001,500",66.3,"17.6,27.8",TRUE
Deepcool Wind Blade,,120,Black,,53.65,26.6,FALSE
Deepcool XFAN,,120,Black,1300,44.71,26,FALSE
Deepcool XFAN,,120,Clear,1300,44.71,26,FALSE
Deepcool XFAN,,120,White,1300,65.16,26,FALSE
Deepcool XFAN,,120,Clear,1300,44.71,26,FALSE
Delta Electronics AFB1212GHE-CF00,,120,Black,5200,240.96,62,FALSE
Delta Electronics AFB1212HHE-F00,,120,Black,2900,120.07,44,FALSE
Delta Electronics FFB1212EHE-F00,,120,Black,4000,190,59,FALSE
Delta Electronics FFB1212EH-F00,,120,Black,4000,150.33,56.4,FALSE
EK Furious Vardar EVO,,120,Black,3000,107,42,TRUE
EK Furious Vardar FF5,,120,Black,3000,107,42,TRUE
EK Loop Fan FPT 120,28.2,120,Black,"5,502,300",77,36,TRUE
EK Loop Fan FPT 120 D-RGB,28.55,120,Black,"5,502,300",77,36,TRUE
EK Loop Fan FPT 120 D-RGB,28.55,120,White,"5,502,300",77,36,TRUE
EK Quantum Impulse D-RGB,40.2,120,White,"4,001,800",57.5,24.3,TRUE
EK Quantum Impulse D-RGB,32.35,120,Black / White,"4,001,800",57.5,24.3,TRUE
EK Vardar EVO 120ER,,120,Black / White,"5,002,200",,33.5,TRUE
EK Vardar EVO 120ER 2-Pack,,120,Black / White,"5,002,200",77,33.5,TRUE
EK Vardar F1,,120,Black / Gray,1150,40,23.7,TRUE
EK Vardar F2,,120,Black / Gray,1450,52,25.6,TRUE
EK Vardar F3,,120,Black / Gray,1850,63,29.5,TRUE
EK Vardar F4,,120,Black / Gray,2200,77,33.5,TRUE
EK Vardar F4-120ER,,120,White,2200,77,33.5,TRUE
EK Vardar F4-120ER,,120,Black,2200,77,33.5,TRUE
EK Vardar X3M 120ER,,120,Black,,,,TRUE
Enermax Cluster Adv,,120,White,"12,001,800","53.02,86.69",,TRUE
Enermax D.F. Pressure,,120,Black,"8,002,000","33.69,85.43","16,27",TRUE
Enermax D.F. Storm,,120,Black,"15,003,500","72.47,155.08","23,38",TRUE
Enermax D.F. VEGAS,,120,Black / Blue,"8,001,500","33.21,61.92","16,22",TRUE
Enermax D.F. VEGAS 2-Pack,,120,Black / Blue,"8,001,500","33.21,61.92","16,22",TRUE
Enermax D.F. Vegas Duo,,120,Clear,"8,001,700","33.26,71.76",16,FALSE
Enermax D.F. Vegas Duo 2-Pack,,120,Black,"8,001,500","33.21,61.92","16,22",TRUE
Enermax Everest Advance,,120,Transparent,"10,001,600","46.1,76",8,FALSE
Enermax HF120 3-Pack,25.99,120,Black,"5,001,600","22.5,72.1","14,27",TRUE
Enermax HF120 3-Pack,,120,White,"5,001,600","22.5,72.1","14,27",TRUE
Enermax Magma,,120,Red,1500,69.15,18,FALSE
Enermax Magma Advance,,120,Black / Red,"10,001,800","47.67,83.03","13,20",FALSE
Enermax Marathon,,120,Clear,1000,44,17,FALSE
Enermax SquA RGB,10,120,Black,"3,001,500","24.53,68.27","12,23",TRUE
Enermax SquA RGB,10,120,White,"3,001,500","24.53,68.27","12,23",TRUE
Enermax SquA RGB 3-Pack,27.98,120,White,"3,001,500","24.53,68.27","12,23",TRUE
Enermax SquA RGB 3-Pack,28.98,120,Black,"3,001,500","24.53,68.27","12,23",TRUE
Enermax T.B. RGB,,120,Black,"5,001,500",47.53,22,TRUE
Enermax T.B. RGB 3-Pack,,120,Black,"5,001,500",47.53,22,TRUE
Enermax T.B. RGB 6-Pack,82.06,120,Black,"5,001,500",47.53,22,TRUE
Enermax T.B. RGB AD 3-Pack,,120,Black,"5,001,500","13.71,47.53","14,22",TRUE
Enermax T.B. Silence,24.19,120,Translucent Gray,900,42.13,11,FALSE
Enermax T.B. Silence,,120,Clear,1200,53.02,14,FALSE
Enermax T.B. Silence,,120,Clear,"5,001,500","26.51,71.25",8,TRUE
Enermax T.B. Silence,,120,Clear,1200,53.02,14,FALSE
Enermax T.B. Silence Adv,,120,Black,"3,001,500",63.89,"7,15.8",TRUE
Enermax T.B. Vegas Quad,,120,Black,"12,001,800","50.68,75.98","20,25",TRUE
Enermax T.B. Vegas Single,,120,Blue,"5,001,800","20.42,75.98","14,25",TRUE
Enermax T.B. Vegas Single,,120,Red,"5,001,800","20.42,75.98","14,25",TRUE
Enermax T.B. Vegas Single,,120,White,"5,001,800","20.42,75.98","14,25",TRUE
Enermax T.B. Vegas Trio,,120,Translucent Black,"5,001,600","20.42,67.48",14,TRUE
Enermax Twister Storm,,120,Black,"15,003,500","72.46,154.53","23,38",FALSE
Enermax UCCL12N,,120,White,1500,71.25,18,FALSE
Enermax UCHF12PARGB-W-BP3 3-Pack,,120,White,"5,001,600","22.5,72.1","14,27",TRUE
Enermax UCTP12P,,120,Black,"5,001,800","23.81,80","14,25",TRUE
Evercool 1225H12B-Y21,,120,Black,4500,147.69,54.9,FALSE
Evercool EC12025M12S,,120,Black,2000,72.94,36,FALSE
Evercool EC-SSF-12,,120,White,"8,001,400",,"19,26",FALSE
Evercool Evergreen,,120,Green,800,30.51,16,FALSE
Evercool FAN-AL12025B,,120,Silver,2000,79.14,,FALSE
Evercool FAN-ALED12025B,,120,Silver,2200,79.2,34,FALSE
Evercool FAN-ALED12025B2,,120,Silver,2200,79.2,34,FALSE
Evercool FAN-EC12025M12C,,120,Black,2000,72.94,36,FALSE
Evercool FAN-EC12038M12B,,120,Black,2300,79.9,38,FALSE
Evercool FAN-EC1225M12CA,,120,Black,2000,72.94,36,FALSE
Evercool F-EC12038HH12BP,22.95,120,Black,"8,002,200",,"17.2,39",TRUE
Evercool F-EC1225A1HBT,,120,Black,2600,88,48,FALSE
Evercool F-EC1238A1HBT-7,,120,Black,"25,502,750","114,123","40,45",FALSE
Evercool Spider Filter,15.99,120,Red,2000,80,25,FALSE
EVGA 400-HY-FX12-KR,,120,Black,"5,002,400",74.81,"16,39.9",TRUE
Fractal Design Aspect 12,19.98,120,Black,1200,32,18.3,FALSE
Fractal Design Aspect 12,,120,White,1200,32,18.3,FALSE
Fractal Design Aspect 12 PWM,,120,Black,"5,002,000","13,56","10,33.2",TRUE
Fractal Design Aspect 12 RGB,51.99,120,White,1200,32,18.3,FALSE
Fractal Design Aspect 12 RGB,,120,Black,1200,32,18.3,FALSE
Fractal Design Aspect 12 RGB 3-Pack,67.12,120,Black,1200,32,18.3,FALSE
Fractal Design Aspect 12 RGB PWM,,120,Black,"5,002,000","13,56","10,33.2",TRUE
Fractal Design Aspect 12 RGB PWM 3-Pack,48.99,120,Black,"5,002,000","13,56","10,33.2",TRUE
Fractal Design Dynamic GP,,120,Black,1200,52.3,19.39,FALSE
Fractal Design Dynamic GP-12,,120,Black / White,1200,52.3,19.39,FALSE
Fractal Design Dynamic X2,,120,White,1200,52.3,19.4,FALSE
Fractal Design Dynamic X2 GP,19.53,120,Black,"5,002,000",87.6,32.2,TRUE
Fractal Design Dynamic X2 GP,25.1,120,Black / White,"5,002,000",87.6,32.2,TRUE
Fractal Design Dynamic X2 GP,,120,White / Black,1200,52.3,19.4,FALSE
Fractal Design Dynamic X2 GP-12,24.18,120,Black,1200,52.3,19.4,FALSE
Fractal Design Prisma AL,28.39,120,White,"5,002,000","20.68,85.71",,TRUE
Fractal Design Prisma AL,29.98,120,White / Black,"5,002,000","20.68,85.71","14.8,32.7",TRUE
Fractal Design Prisma AL,,120,White / Black,1200,50.63,19.5,FALSE
Fractal Design Prisma AL 3-Pack,90.47,120,White / Black,"5,002,000","20.68,85.71",,TRUE
Fractal Design Prisma AL 3-Pack,,120,White / Black,"5,002,000","20.68,85.71","14.8,32.7",TRUE
Fractal Design Prisma AL 3-Pack,,120,White / Black,1200,50.63,19.5,FALSE
Fractal Design Prisma SL,,120,Black / White,1200,50.63,19.5,FALSE
Fractal Design Prisma SL,,120,Black / White,1200,50.63,19.5,FALSE
Fractal Design Prisma SL,,120,Black / White,1200,50.63,19.5,FALSE
Fractal Design Prisma SL,,120,Black / White,1200,50.63,19.5,FALSE
Fractal Design Silent LL,,120,Black,1200,41.8,24.8,FALSE
Fractal Design Silent LL,,120,Black,1200,41.8,24.8,FALSE
Fractal Design Silent LL,,120,Black,1200,41.8,24.8,FALSE
Fractal Design Silent R2,,120,White,1200,40.6,15,FALSE
Fractal Design Silent R2,,120,Black,1000,66,18.5,FALSE
Fractal Design Silent R3,12.98,120,Black / White,1200,46.5,20.5,FALSE
Fractal Design Venturi,,120,White / Black,"11,001,400","65.8,83.4","19,25.3",FALSE
Fractal Design Venturi HF-12,,120,Black,1400,83.4,25.3,FALSE
Fractal Design Venturi HP,,120,Black / White,1800,61.4,31.7,TRUE
Fractal Design Venturi HP-12,,120,Black,1800,61.4,31.7,TRUE
GAMDIAS AEOLus M1,,120,Black,1500,45.2,31,FALSE
GAMDIAS AEOLUS M2 4-Pack,59.99,120,Black,"7,001,500",56,,TRUE
GAMDIAS AEOLUS M2 5-Pack,39.99,120,Black,"7,001,500",56,,TRUE
GAMDIAS AEOLUS M2-1203 LITE 3-Pack,27.99,120,Black,1200,46.7,,FALSE
GAMDIAS AEOLUS M3-1204R 4-Pack,54.23,120,Black,"8,002,000",69.01,,TRUE
GAMDIAS AEOLUS P2,24.99,120,Black,"10,002,400",74.97,,TRUE
GAMDIAS AEOLUS P2 3-Pack,84.99,120,Black,"10,002,400",74.97,,TRUE
GAMDIAS AEOLUS P2 3-Pack,99.99,120,Black,"10,002,400",74.97,,TRUE
GameMax Cyclone RGB,,120,Black,1100,36,25,FALSE
GameMax Eclipse RGB,,120,Black / White,1300,43.2,25.88,FALSE
GameMax Mirage RGB,,120,Black,1100,36,25,FALSE
GameMax Mirage White Fins,,120,Black / White,1100,36,25,FALSE
GameMax Razor ARGB,,120,Black,1200,60,26,FALSE
GameMax Storm Force RGB,,120,Black / White,1300,41.4,21,FALSE
GameMax Velocity ARGB,,120,Black,1500,94.8,23.8,FALSE
GameMax Velocity ARGB,,120,Black / White,1500,94.8,23.8,FALSE
Gelid Solutions Gale,,120,Black,"5,003,500",110,45,TRUE
Gelid Solutions Gale Extreme,,120,Black,"5,006,000",195,60,TRUE
Gelid Solutions Silent,,120,White,1000,37,20.2,FALSE
Gelid Solutions Silent,,120,White,"7,501,500",58,"12,25.5",TRUE
Gelid Solutions Silent 12,39.9,120,Black,1000,40.3,20.2,FALSE
Gelid Solutions Silent 12 PWM,8,120,Black,"7,501,600",64.5,25.5,TRUE
Gelid Solutions Silent TC,,120,White,"7,501,500",58,"12,25.5",FALSE
Gelid Solutions Slim,,120,Black,"9,001,600","25,52.4","12.3,25.4",FALSE
Gelid Solutions Slim,,120,Blue,1500,48.3,24.6,FALSE
Gelid Solutions Stella,9.98,120,Black,"5,001,600",70,35,TRUE
Gelid Solutions Stella 5-Pack,,120,Black,"5,001,600",70,35,TRUE
Gelid Solutions Stella 5-Pack,,120,Black,"5,001,600",70,35,TRUE
Gelid Solutions Stella Frost,,120,White,"5,001,600",70,35,TRUE
Gelid Solutions Stella Frost Daisy Chain 3-Pack,,120,White,"5,001,600",70,35,TRUE
Gelid Solutions Stella Infinity,,120,Black,"5,001,600",70,35,TRUE
Gelid Solutions Wing,,120,Translucent Yellow,1500,64.3,"12,25",FALSE
Gelid Solutions Wing PL,,120,Black / Blue,1500,64.3,"12,25",FALSE
Gelid Solutions Wing PL,,120,Black / Blue,"6,001,800",75.59,"10,26.8",TRUE
Gelid Solutions Wing PL,,120,Green,"6,001,800",75.59,"10,26.8",TRUE
Gelid Solutions Zodiac,7.99,120,Black,"7,001,600",65.5,35,TRUE
Geometric Future Squama 2501 3-Pack,39.9,120,White,2000,80.81,34.2,TRUE
Geometric Future Squama 2501 3-Pack,39.9,120,Black,2000,80.81,34.2,TRUE
Geometric Future Squama 2503 3-Pack,39.9,120,Black,2000,69.11,29,TRUE
Geometric Future Squama 2505 3-Pack,59.9,120,Black,2000,91.3,35.06,TRUE
Geometric Future Squama 2505 3-Pack,59.9,120,White,2000,91.3,35.06,TRUE
Geometric Future Squama 2505 3-Pack,49.9,120,Yellow / Black,2000,91.3,35.06,TRUE
Gigabyte AORUS 120 ARGB,19.98,120,Black,"8,001,700","18.52,40.85","7.3,28.6",TRUE
HYTE flow FA12 3-Pack,21.5,120,Black / White,1500,72,28,TRUE
HYTE THICC FP12 3-Pack,,120,Black / White,,105.8,"10,47.3",TRUE
HYTE THICC FP12 3-Pack,,120,Black / White,,105.8,"10,47.3",TRUE
Iceberg Thermal IceGALE,10,120,Gray / White,"5,001,850",76,"0,35",TRUE
Iceberg Thermal IceGALE,10,120,Teal / White,"5,001,850",76,"0,35",TRUE
Iceberg Thermal IceGALE,10,120,Black / White,"5,001,850",76,"0,35",TRUE
Iceberg Thermal IceGALE 3-Pack,21,120,Black,"5,001,850",76,"0,35",TRUE
Iceberg Thermal IceGALE 3-Pack,21,120,Gray,"5,001,850",76,"0,35",TRUE
Iceberg Thermal IceGALE 3-Pack,21,120,Teal,"5,001,850",76,"0,35",TRUE
Iceberg Thermal IceGALE ARGB,13.5,120,Teal / White,"5,002,200",94,"0,38",TRUE
Iceberg Thermal IceGALE ARGB,13.5,120,Black / Teal,"5,002,200",94,"0,38",TRUE
Iceberg Thermal IceGALE ARGB 3-Pack,34.99,120,Black / Teal,"5,002,200",94,"0,38",TRUE
Iceberg Thermal IceGALE ARGB 3-Pack,34.99,120,Teal / White,"5,002,200",94,"0,38",TRUE
Iceberg Thermal IceGALE Lightning ARGB 3-Pack,29.99,120,Black,"2,002,200",76.74,28.9,TRUE
Iceberg Thermal IceGALE Silent 3-Pack,17,120,Black / Blue,1100,30,12.3,FALSE
Iceberg Thermal IceGALE Silent PWM 3-Pack,27,120,Black / Blue,"6,001,600","50,55","20,25",TRUE
Iceberg Thermal IceGALE Xtra,13.5,120,Black / White,"5,003,000",127,"0,44",TRUE
Iceberg Thermal IceGALE Xtra,13.5,120,Gray / White,"5,003,000",127,"0,44",TRUE
Iceberg Thermal IceGALE Xtra,13.5,120,Teal / White,"5,003,000",127,"0,44",TRUE
Iceberg Thermal IceGALE Xtra 3-Pack,29.99,120,Black,"5,003,000",127,"0,44",TRUE
Iceberg Thermal IceGALE Xtra 3-Pack,29.99,120,Gray,"5,003,000",127,"0,44",TRUE
Iceberg Thermal IceGALE Xtra 3-Pack,29.99,120,Teal,"5,003,000",127,"0,44",TRUE
ID-COOLING AF-125,9.99,120,Black,"5,002,000",78.25,29.85,TRUE
ID-COOLING AF-125,,120,White,"5,002,000",78.25,29.85,TRUE
ID-COOLING AF-125 3-Pack,24.99,120,Black,"5,002,000",78.25,29.85,TRUE
ID-COOLING AF-125 3-Pack,24.99,120,White,"5,002,000",78.25,29.85,TRUE
ID-COOLING AF-127-ARGB-K,14.99,120,Black,"5,002,000",78,29.9,TRUE
ID-COOLING AF-127-ARGB-W,14.99,120,White,"5,002,000",78,29.9,TRUE
ID-COOLING AF-ARGB-K 3-Pack,39.99,120,Black,"5,002,000",78,29.9,TRUE
ID-COOLING AF-ARGB-K 3-Pack,39.99,120,White,"5,002,000",78,29.9,TRUE
ID-COOLING AS-120,,120,Black,"3,002,000",58,27.2,TRUE
ID-COOLING AS-140,,120,Black,"3,001,800",72.2,24.9,TRUE
ID-COOLING CRYSTAL 120 WHITE,,120,White,"5,001,500",68.2,"13.8,30.5",TRUE
ID-COOLING DF-12025 3-Pack,,120,Black / White,"9,002,000",56.5,"16.2,31.5",TRUE
ID-COOLING DF-12025 3-Pack,,120,Black / White,"9,002,000",56.5,"16.2,31.5",TRUE
ID-COOLING DF-12025-ARGB,,120,Black,"9,002,000",56.5,"16.2,31.5",TRUE
ID-COOLING DF-12025-ARGB-XT,,120,Black / White,"9,002,000",56.5,"16.2,31.5",TRUE
ID-COOLING DF-12025-RGB-TRIO 3-Pack,,120,Black,"9,002,000",56.5,"16,31.5",TRUE
ID-COOLING FL-12025,,120,White,,45,21,FALSE
ID-COOLING FL-12025,,120,Black / White,1250,45,21,FALSE
ID-COOLING FL-12025K,,120,Black,1250,45,21,FALSE
ID-COOLING NO-12015-XT,21.85,120,Black,"5,002,000",54.6,"13.8,31.2",TRUE
ID-COOLING NO-12015-XT,,120,Black,"5,002,000",54.6,"13.8,31.2",TRUE
ID-COOLING NO-12015-XT ARGB,12.99,120,Gray / Black,"5,002,000",54.6,"13.8,31.2",TRUE
ID-COOLING NO-12015-XT ARGB SNOW,14.99,120,White,"5,002,000",54.6,"13.8,31.2",TRUE
ID-COOLING NO-12025-XT,,120,Black / White,"7,001,800",76.16,"15.2,32.5",TRUE
ID-COOLING SF-12025-B,,120,Black,"7,001,500",62,"18,26.4",TRUE
ID-COOLING SF-12025-G,,120,Black,"7,001,500",62,"18,26.4",TRUE
ID-COOLING SF-12025-R,,120,Black,"7,001,500",62,"18,26.4",TRUE
ID-COOLING SF-12025-RGB 3-Pack,,120,Black / Transparent,"7,001,800",74.5,"18,35.2",TRUE
ID-COOLING SF-12025-W,,120,White,"7,001,500",62,"18,26.4",TRUE
ID-COOLING TF-12015,,120,Black,"5,002,200",67.58,32.3,TRUE
ID-COOLING TF-12015,,120,White,"5,002,200",67.58,32.3,TRUE
ID-COOLING TF-12025,,120,White,"7,001,800",76.16,"15.2,35.2",TRUE
ID-COOLING TF-12025-ARGB,,120,Black / White,"5,001,500",68.2,"13.8,30.5",TRUE
ID-COOLING TF-12025-ARGB REVERSE,,120,,"5,001,500",68.2,"13.8,30.5",TRUE
ID-COOLING TF-12025-ARGB REVERSE,,120,,"5,001,500",63.2,"13.8,30.5",TRUE
ID-COOLING TF-12025-ARGB-SNOW,,120,White,"5,001,500",68.2,"13.8,30.5",TRUE
ID-COOLING TF-12025-ARGB-TRIO 3-Pack,,120,Black / White,"5,001,500",68.2,"13.8,30.5",TRUE
ID-COOLING TF-12025-ARGB-TRIO-SNOW 3-Pack,,120,White,"5,001,500",68.2,"13.8,30.5",TRUE
ID-COOLING TF-12025-BLACK,,120,Black,"7,001,800",76.16,"15.2,35.2",TRUE
ID-COOLING TF-12025-PRO,,120,,"5,001,800",82.5,35.2,TRUE
ID-COOLING TF-12025-PRO,,120,,"5,001,800",82.5,35.2,TRUE
ID-COOLING TF-12025-PRO SW,,120,,"3,001,500",70,28.9,TRUE
ID-COOLING TF-12025-PRO-ARGB,,120,Black,"5,001,800",82.5,35.2,TRUE
ID-COOLING TF-12025-PRO-ARGB,,120,White,"5,001,800",82.5,35.2,TRUE
ID-COOLING TF-12025-PRO-ARGB 3-Pack,,120,Black / White,"5,001,800",82.5,35.2,TRUE
ID-COOLING TF-12025-PRO-ARGB 3-Pack,,120,White,"5,001,800",82.5,35.2,TRUE
ID-COOLING TF-12025-PRO-ARGB REVERSE,,120,,"5,001,800",82.5,35.2,TRUE
ID-COOLING TF-12025-PRO-ARGB REVERSE,,120,,"5,001,800",82.5,35.2,TRUE
ID-COOLING TF-12025-SW,,120,White,"7,001,800",76.16,"15.2,35.2",TRUE
ID-COOLING WF-12025,,120,Black / White,"7,001,800",74.5,"18,35.2",TRUE
ID-COOLING WF-12025-SD-K,,120,Black,1600,60,27.5,FALSE
ID-COOLING WF-12025-SD-W,,120,Black / White,1600,60,27.5,FALSE
ID-COOLING WF-12025-XT-B,,120,Black,"6,002,200",71.2,"14,35",TRUE
ID-COOLING WF-12025-XT-G,,120,Black,"6,002,200",71.2,"14,35",TRUE
ID-COOLING WF-12025-XT-R,,120,Black,"6,002,200",71.2,"14,35",TRUE
ID-COOLING WF-12025-XT-W,,120,Black,"6,002,200",71.2,"14,35",TRUE
ID-COOLING XF-120,,120,,"5,001,500",68.2,"13.8,30.5",TRUE
ID-COOLING XF-120,,120,Black,"7,001,800",76.16,"15.2,35.2",TRUE
ID-COOLING XF-120,,120,,"5,001,500",68.2,"13.8,30.5",TRUE
ID-COOLING XF-12025-ARGB (Single),,120,Black / White,"7,001,500",62,"18,26.4",TRUE
ID-COOLING XF-12025-ARGB-SNOW,,120,White,"7,001,500",62,"18,26.4",TRUE
ID-COOLING XF-12025-ARGB-TRIO 3-Pack,24.99,120,Black / White,"7,001,500",62,"18,26.4",TRUE
ID-COOLING XF-12025-ARGB-TRIO SNOW 3-Pack,,120,White,"7,001,500",62,"18,26.4",TRUE
ID-COOLING XF-12025-RGB (Single),,120,Black / White,"7,001,800",74.5,"18,35.2",TRUE
ID-COOLING XF-12025-RGB-SNOW,,120,White,"7,001,800",74.5,"18,35.2",TRUE
ID-COOLING XF-12025-RGB-TRIO 3-Pack,,120,Black / White,"7,001,800",74.5,"18,35.2",TRUE
ID-COOLING XF-12025-RGB-TRIO-SNOW 3-Pack,,120,White,"7,001,800",74.5,"18,35.2",TRUE
ID-COOLING XF-12025-SD,,120,Black,"7,001,800",74.5,"18,35.2",TRUE
ID-COOLING XF-12025-SD-K,,120,Black,"8,001,500",68.2,"13.8,30.5",TRUE
ID-COOLING XF-12025-SD-W,,120,Black / White,"7,001,800",74.5,"18,35.2",TRUE
ID-COOLING XF-12025-SW,,120,White,"7,001,800",74.5,"18,35.2",TRUE
ID-COOLING ZF,16.98,120,Pink / White,"9,002,000",,"16.3,33.5",TRUE
ID-COOLING ZF-12025,,120,White / Purple,"9,002,000",55.2,"16.3,33.5",TRUE
ID-COOLING ZF-12025,,120,White,"5,001,600",50.5,"16.3,28.5",TRUE
ID-COOLING ZF-12025 Pastel,,120,Pink,"9,002,000",55.2,"16.3,33.5",TRUE
ID-COOLING ZF-12025 Pastel,,120,Blue,"9,002,000",55.2,"16.3,33.5",TRUE
ID-COOLING ZF-12025 Pastel,,120,Green,"9,002,000",55.2,"16.3,33.5",TRUE
ID-COOLING ZF-12025 Pastel,,120,Yellow,"9,002,000",55.2,"16.3,33.5",TRUE
ID-COOLING ZF-12025-ARGB-TRIO-SNOW 3-Pack,,120,White,"5,001,600",50.5,"16.3,28.5",TRUE
In Win AURORA 3-Pack,,120,Black / Red,"8,002,000","40.26,57.64","23.7,39.2",TRUE
In Win AURORA 3-Pack,,120,Black / White,"8,002,000","40.26,57.64","23.7,39.2",TRUE
In Win CROWN AC120 2-Pack,,120,Black / Clear,"5,001,600",53.08,"14.7,28.3",TRUE
In Win Jupiter AJ120,,120,Black,"5,001,800",70.32,35,TRUE
In Win Jupiter AJ120 3-Pack,,120,Black,"5,001,800",70.32,35,TRUE
In Win Luna AL120,,120,Black / White,"6,001,800",82.96,25,TRUE
In Win Luna AL120 3-Pack,27.67,120,Black / White,"6,001,800",82.96,25,TRUE
In Win MARS,,120,Black / Red,"6,001,400",38.73,25,TRUE
In Win MARS,,120,Black,"6,001,400",38.73,25,TRUE
In Win Mercury AM120S,16.86,120,Black / White,"4,002,000",60.71,"17,29",TRUE
In Win Mercury AM120S 3-Pack,36.58,120,Black / White,"4,002,000",60.71,"17,29",TRUE
In Win Neptune AN120 3-Pack,26.48,120,Black / White,"9,002,200","23.87,60.1",20.5,TRUE
In Win Neptune DN120,21.73,120,Black,"9,002,200","23.87,60.1",20.5,TRUE
In Win Neptune DN120 Pro,16.09,120,Black / Red,"9,002,200","24.15,60.56",20.3,TRUE
In Win Polaris 2-Pack,,120,Black / Translucent White,"5,001,280",43.31,20.2,TRUE
In Win Saturn ASN120,,120,White / Black,"5,001,800",,,TRUE
In Win Saturn ASN120 3-Pack,42.43,120,White / Black,"5,001,800",,,TRUE
In Win Sirius Extreme ASE120P,,120,Black,"4,001,500",54,"21,25",TRUE
In Win Sirius Extreme ASE120P 3-Pack,31.98,120,Black,"4,001,500",54,"21,25",TRUE
In Win Sirius Extreme Pure ASE120P,,120,White,"4,001,500",54,"21,25",TRUE
In Win Sirius Extreme Pure ASE120P 3-Pack,73.07,120,White,"4,001,500",54,"21,25",TRUE
In Win Sirius Loop ASL,,120,Black,"5,001,800",50,27,TRUE
In Win Sirius Loop ASL,,120,Black,"5,001,800",50,27,TRUE
In Win Sirius Loop ASL 3-Pack,30,120,Black,"5,001,800",50,27,TRUE
In Win Sirius Pure ASP120-1PK,,120,White,"5,001,800",50,"13,27",TRUE
In Win Sirius Pure ASP120-3PK 3-Pack,,120,White,"5,001,800",50,"13,27",TRUE
Insignia NS-PCF1250,,120,Black,1200,44,22.5,FALSE
Jonsbo ZG 3-Pack,,120,Black,"5,001,500","20.1,60.45","23.8,29.3",TRUE
Jonsbo ZG 3-Pack,,120,White,"5,001,500","20.1,60.45","23.8,29.3",TRUE
Jonsbo ZG-R 3-Pack,,120,White,"5,001,500","20.1,61.7","23.8,36.8",TRUE
Jonsbo ZG-R 3-Pack,,120,Black,"5,001,500","20.1,61.7","23.8,36.8",TRUE
Kingwin CF-012LB,6.7,120,Black,950,40,19,FALSE
Kingwin CF-012LBR,,120,Red / Black,950,40,19,FALSE
Kingwin CF-012LBW,,120,Black / White,950,40,19,FALSE
Kingwin CFGN-012LB,,120,Clear,950,40,19,FALSE
Kingwin CFMC-012LB,,120,Clear,950,40,19,FALSE
Kingwin CFR-012LB,,120,Clear,950,40,19,FALSE
Kingwin CFW-012LB,,120,Clear,950,40,19,FALSE
Kingwin CFY-012LB,16.98,120,Transparent,950,40,19,FALSE
KOLINK Classic,,120,Black,1500,52.15,21.6,TRUE
KOLINK UMBRA,,120,Black,1500,35,17.8,TRUE
KOLINK UMBRA VOID,,120,Black,1500,41,19.6,TRUE
KOLINK UMBRA VOID PRO,,120,Black,"8,001,800",57.2,"19.4,30",TRUE
KOLINK UMBRA X,,120,Black,"6,001,600",61,24,TRUE
KOLINK UMBRA X 3-Pack,,120,Black,"6,001,600",61,24,TRUE
LC-Power LC-CF-120-PRO,,120,Translucent Black,"5,001,200","27.6,68.4","60.8,14.6",TRUE
LEPA Casino,,120,Transparent,"6,001,600","24.85,63.91","15,25",TRUE
LEPA Casino,,120,Transparent,"6,001,600","24.85,63.91","15,25",TRUE
LEPA LP70D12R,,120,Black,1600,,24,FALSE
LEPA LP-BOL12P-BL,,120,Black,"6,001,600",81.45,"8,18",TRUE
LEPA LP-BOL12P-R,,120,Black,"6,001,600",81.45,"8,18",TRUE
LEPA LP-BOL12R,,120,Black,1600,81.45,18,FALSE
LEPA LPCP12N-BL,,120,Transparent,900,40.18,16,FALSE
LEPA LPCP12N-R,,120,Transparent,900,40.18,16,FALSE
LEPA Vortex,,120,Transparent,"6,001,600","24.85,63.91","15,25",TRUE
Lian Li Bora 3-Pack,,120,Black / White,"8,002,050",57.2,,TRUE
Lian Li Bora Lite 3-Pack,,120,Black,"9,001,500",48.31,28.2,TRUE
Lian Li Bora Lite 3-Pack,,120,Silver,"9,001,500",48.31,28.2,TRUE
Lian Li ST120 3-Pack,44.79,120,Black,"8,001,900",69.17,32,TRUE
Lian Li ST120 3-Pack,39.3,120,White,"8,001,900",69.17,32,TRUE
Lian Li Uni Fan AL,99.99,120,Black,"8,001,900",64.5,"17,28.3",TRUE
Lian Li Uni Fan AL,29.99,120,White,"8,001,900",64.5,"17,28.3",TRUE
Lian Li UNI FAN AL120 3-Pack,97.68,120,Black,"8,001,900",64.5,"17,28.3",TRUE
Lian Li UNI FAN AL120 V2,17.99,120,White,"2,502,000",77.3,28.7,TRUE
Lian Li UNI FAN AL120 V2,27.99,120,Black,"2,502,000",77.3,28.7,TRUE
Lian Li UNI FAN AL120 V2 3-Pack,74.56,120,Black,"2,502,000",77.3,28.7,TRUE
Lian Li UNI FAN AL120 V2 3-Pack,64,120,White,"2,502,000",77.3,28.7,TRUE
Lian Li UNI FAN AL360 3-Pack,79.98,120,White,"8,001,900",64.5,"17,28.3",TRUE
Lian Li UNI FAN P28,19.89,120,Black,"2,002,600","44.94,92","20.4,32.1",TRUE
Lian Li UNI FAN P28,18.89,120,White,"2,002,600","44.94,92","20.4,32.1",TRUE
Lian Li UNI FAN P28 3-Pack,56.9,120,Black,"2,002,600","44.94,92","20.4,32.1",TRUE
Lian Li UNI FAN P28 3-Pack,48,120,White,"2,002,600","44.94,92","20.4,32.1",TRUE
Lian Li UNI FAN SL V2,26.99,120,Black / Silver,"2,502,000",64.5,29.2,TRUE
Lian Li UNI FAN SL V2,26.99,120,White / Silver,"2,502,000",64.5,29.2,TRUE
Lian Li UNI FAN SL V2 120 5-Pack,129.99,120,White,"2,502,000",64.5,29.2,TRUE
Lian Li UNI FAN SL V2 120 5-Pack,129.99,120,Black,"2,502,000",64.5,29.2,TRUE
Lian Li UNI FAN SL V2 120 Reverse,25,120,Black,"2,502,000",65.4,32,TRUE
Lian Li UNI FAN SL V2 120 Reverse,26,120,White,"2,502,000",65.4,32,TRUE
Lian Li UNI FAN SL V2 3-Pack,82.99,120,White / Silver,"2,502,000",64.5,29.2,TRUE
Lian Li UNI FAN SL V2 3-Pack,77.99,120,Black / Silver,"2,502,000",64.5,29.2,TRUE
Lian Li UNI FAN SL-INF Reverse Blade,35.72,120,White / Black,"2,002,100",63.6,32,TRUE
Lian Li UNI FAN SL-INF Reverse Blade,29.99,120,White,"2,002,100",63.6,32,TRUE
Lian Li Uni Fan SL-Infinity,29.99,120,Black,,"0,61.3","0,29",TRUE
Lian Li Uni Fan SL-Infinity,26.99,120,White,,"0,61.3","0,29",TRUE
Lian Li Uni Fan SL-Infinity 3-Pack,84,120,Black,,"0,61.3","0,29",TRUE
Lian Li Uni Fan SL-Infinity 3-Pack,83.9,120,White,,"0,61.3","0,29",TRUE
Lian Li UNI FAN TL 120 3-Pack,109,120,Black,"2,002,600",90.1,33,FALSE
Lian Li UNI FAN TL 120 3-Pack,101.99,120,White,"2,002,600",90.1,33,FALSE
Lian Li UNI FAN TL 120 Reverse Blade 3-Pack,109.99,120,White,"2,002,300",83.4,34,FALSE
Lian Li UNI FAN TL 120 Reverse Blade 3-Pack,109.99,120,Black,"2,002,300",83.4,34,FALSE
Lian Li UNI FAN TL LCD 120 3-Pack,149.99,120,White,,90.1,33,TRUE
Lian Li UNI FAN TL LCD 120 3-Pack,145,120,Black,,90.1,33,TRUE
Lian Li UNI FAN TL LCD 120 Reverse Blade 3-Pack,141.99,120,Black,,83.4,34,TRUE
Lian Li UNI FAN TL LCD 120 Reverse Blade 3-Pack,134.99,120,White,,83.4,34,TRUE
Lian Li UNI SL120,36.42,120,White,"8,001,900",58.54,"17,31",TRUE
Lian Li UNI SL120,35.67,120,Black,"8,001,900",58.54,"17,31",TRUE
Lian Li UNI SL120 3-Pack,98.98,120,Black,"8,001,900",58.54,"17,31",TRUE
Lian Li UNI SL120 3-Pack,,120,White,"8,001,900",58.54,"17,31",TRUE
Logisys CF120BL,9.99,120,Clear,"18,002,000",69.15,39.29,FALSE
Logisys CF120DCA,,120,Black,1500,57.91,26.6,FALSE
Logisys CF120GB,,120,Green,,44.71,26,FALSE
Logisys CF120GN,8.99,120,Transparent,"18,002,000",69.15,39.29,FALSE
Logisys CF120RD,,120,Clear,"18,002,000",69.15,39.29,FALSE
Logisys SF120,,120,Blue,1500,70.5,"17.6,27.8",FALSE
MagniumGear Skiron,,120,Black,1500,50,29,TRUE
MagniumGear Skiron,,120,Black / White,1500,50,29,TRUE
MagniumGear Skiron,,120,Black / White,1500,50,29,TRUE
Mars Gaming MFRGBKIT 3-Pack,,120,Black,1200,45.2,18,FALSE
Masscool BLD12025S1M,,120,Transparent,2000,79.8,38,FALSE
Masscool BLD-12025V1,,120,Clear,1500,60,23.5,FALSE
Masscool BLD-12025V1G,,120,Black,1500,60,23.5,FALSE
Masscool BLD-12025V1R,,120,Red,1500,60,23.5,FALSE
Masscool FD12025B1H3/4,,120,Black,2200,81.02,25,FALSE
Masscool FD12025B1L3/4,,120,Black,1500,52.05,25,FALSE
Masscool FD12025S1L3/4,,120,Black,1500,52.05,25,FALSE
Masscool FD12038S1M3/4,,120,Black,2700,107.54,41.51,FALSE
Masscool FDV12025L1L34,,120,Red,1500,52.05,25,FALSE
Masscool FDVB12025L1L,,120,Blue,1500,52.05,25,FALSE
Montech AX120,9.9,120,Black,"8,001,600",59,27,TRUE
Montech AX120,12.9,120,White,"8,001,600",59,27,TRUE
Montech METAL 120 PWM,,120,Black,"8,001,950",69,26,TRUE
Montech RX120,12.9,120,Black,"8,001,600",59,27,TRUE
Montech RX120,12.9,120,White,"8,001,600",59,27,TRUE
MSI MAG MAX F12A-3 3-Pack,,120,Black,"6,001,500","8,40.1","20,28",TRUE
MSI MAG MAX F12A-3H 3-Pack,,120,Black,"6,001,500","8,40.1","20,28",TRUE
MSI MPG EZ120,,120,Black,,"0,73.82","0,28.82",TRUE
MSI MPG EZ120,,120,White,,"0,73.82","0,28.82",TRUE
MSI MPG EZ120 3-Pack,,120,Black,,"0,73.82","0,28.82",TRUE
MSI MPG EZ120 3-Pack,,120,White,,"0,73.82","0,28.82",TRUE
MSI MPG F120 ARGB-2B 2-Pack,36,120,Black,"6,001,200",50.79,25.7,TRUE
MSI MPG F120 ARGB-2W 2-Pack,26,120,White,"6,001,200",50.79,25.7,TRUE
MSI Torx,98.75,120,Black / Red,"5,001,800","19.79,71.27","17.2,33.6",TRUE
Nanoxia Deep Silence,,120,Black / Green,"6,501,400",67.3,16.89,TRUE
Nanoxia Deep Silence,,120,Black / Green,"11,001,800","34.7,72.1","12.2,19.89",FALSE
Nanoxia Deep Silence,,120,Black / Green,"7,001,000","24.8,55.4","8.1,12.8",FALSE
Nanoxia Deep Silence,,120,Black / Green,"9,001,300","26.5,60.1","8.6,14.2",FALSE
Nexus D12SL-12,18.18,120,Black / White,1000,36.86,18,FALSE
Nexus D12SL-12BL,,120,Clear,1000,36.86,18,FALSE
Nexus D12SL-12PWM,13.03,120,Clear,2000,76,"15.5,26.9",TRUE
Nexus D12SL-12WL,7.39,120,Clear,1000,36.86,18,FALSE
Nidec Servo Gentle Typhoon,23.95,120,Black / Gray,"9,002,150","20,68","15,34",TRUE
Noctua A12x15 FLX,21.95,120,Brown,"9,501,850","27.37,55.44","10.2,23.9",FALSE
Noctua A12x15 PWM,21.95,120,Brown,"4,501,850","41.67,55.44","16.8,23.9",TRUE
Noctua A12x15 PWM chromax.black.swap,26.95,120,Black / Multicolor,"4,501,850",55.44,23.9,TRUE
Noctua A12x25 FLX,32.95,120,Brown,"13,502,000","37.96,60.09","14.2,22.6",FALSE
Noctua A12x25 PWM,32.95,120,Brown,"4,502,000","49.73,60.1","18.8,22.6",TRUE
Noctua A12x25 ULN,32.95,120,Brown,"9,001,200","23.19,32.78","7.6,12.1",FALSE
Noctua F12 industrialPPC-2000,27.91,120,Brown / Black,2000,71.69,29.7,FALSE
Noctua F12 industrialPPC-2000 IP67 PWM,27.95,120,Brown / Black,"4,502,000",71.69,29.7,TRUE
Noctua F12 industrialPPC-2000 PWM,27.95,120,Brown / Black,"4,502,000",71.69,29.7,TRUE
Noctua F12 industrialPPC-3000 PWM,27.95,120,Brown / Black,"7,503,000",109.89,43.5,TRUE
Noctua F12 PWM,21.78,120,Brown,"3,001,500","43.73,54.97","18.6,22.4",TRUE
Noctua F12 PWM chromax.black.swap,24.75,120,Multicolor,"3,001,500",54.97,22.4,TRUE
Noctua NF-A12x25 PWM chromax.black.swap,34.95,120,Black,"4,502,000",60.09,22.6,TRUE
Noctua P12 PWM,27.95,120,Brown,"9,001,300",,"12.6,19.8",TRUE
Noctua P12 redux-1300,14.95,120,Gray,1300,54.32,19.8,FALSE
Noctua P12 redux-1300 PWM,14.95,120,Gray,"3,001,300",54.32,19.8,TRUE
Noctua P12 redux-1700 PWM,15.95,120,Gray,"4,501,700",70.75,25.1,TRUE
Noctua P12 redux-900,14.95,120,Gray,900,37.31,12.6,FALSE
Noctua P12-1300,27.82,120,Brown,"9,001,300","37.33,54.36","12.6,19.8",FALSE
Noctua S12A FLX,21.95,120,Brown,"7,001,200",,"7.4,17.8",FALSE
Noctua S12A PWM,21.95,120,Brown,"3,001,200",,"10.7,17.8",TRUE
Noctua S12A PWM chromax.black.swap,22.9,120,Multicolor,"3,001,200",63.27,17.8,TRUE
Noctua S12A ULN,21.95,120,Brown,"600,800",,"6.7,8.6",FALSE
Noctua S12B FLX,,120,Brown,"6,001,200","28.95,59.21","6,18.1",FALSE
Noctua S12B redux-1200,14.95,120,Black / Gray,1200,59.1,18.1,FALSE
Noctua S12B redux-1200 PWM,14.95,120,Black / Gray,"4,001,200",59.1,18.1,TRUE
Noctua S12B redux-700,13.95,120,Black / Gray,700,33.49,6.8,FALSE
NoiseBlocker BlackSilentFan X-1,,120,Translucent Blue,1000,40.61,13,FALSE
NoiseBlocker BlackSilentFan X-2,,120,Translucent Blue,1500,57.68,24,FALSE
NoiseBlocker BlackSilentFan X-P,,120,Translucent Blue,2000,75.33,31,TRUE
NoiseBlocker BlackSilentPro P-1,,120,Black,900,40.02,12,FALSE
NoiseBlocker BlackSilentPro P-2,,120,Black,1400,56.5,23,FALSE
NoiseBlocker BlackSilentPro P-P,14.99,120,Black,1500,58.85,24,TRUE
NoiseBlocker ELoop B,29.66,120,Black / White,"4,001,500",58.1,21.2,TRUE
NoiseBlocker ELoop B,,120,White,1300,51.14,17,FALSE
NoiseBlocker ELoop B,,120,White,2000,77.92,28,TRUE
NoiseBlocker ELoop B,29.95,120,White,1900,71.33,27,FALSE
NoiseBlocker ELoop B,27.31,120,White,800,33.72,8,FALSE
NoiseBlocker ELoop B,,120,White,1500,58.09,21,TRUE
NoiseBlocker ELoop B,,120,White,2400,88.46,34,FALSE
NoiseBlocker Multiframe,,120,Translucent Gray,1500,58.85,23,TRUE
NoiseBlocker Multiframe,,120,Translucent Gray,2000,78.28,29,TRUE
NoiseBlocker Multiframe,,120,Translucent Gray,1800,72.98,27,FALSE
NoiseBlocker Multiframe,,120,Translucent Gray,1250,51.2,16,FALSE
NoiseBlocker Multiframe,,120,Translucent Gray,750,34.13,8,FALSE
NoiseBlocker NB-ELOOP X ARGB,26.95,120,Black,,"0,58.09","0,21.2",TRUE
NoiseBlocker NB-ELOOP X ARGB,34.33,120,White,,"0,58.09","0,21.2",TRUE
NoiseBlocker NB-ELOOP X ARGB,29.95,120,Black,,"0,109.47","0,28.4",TRUE
NoiseBlocker NB-ELOOP X ARGB,37.13,120,White,,"0,77.93","0,28.4",TRUE
NZXT Aer F,,120,Black,"5,001,500","21.01,63.02","22,31",TRUE
NZXT Aer F 2-Pack,,120,Black,"5,001,500","21.01,63.02","22,31",TRUE
NZXT Aer P,,120,Black,"5,002,000","18.28,73.11","21,36",TRUE
NZXT Aer RGB,,120,Black,"5,001,500","20,61.4","22,31",TRUE
NZXT AER RGB 2,,120,Black,"5,001,500","17.48,52.44","22,33",TRUE
NZXT AER RGB 2,,120,White,"5,001,500","17.48,52.44","22,33",TRUE
NZXT AER RGB 2 2-Pack,,120,Black,"5,001,500","17.48,52.44","22,33",TRUE
NZXT AER RGB 2 3-Pack,,120,Black,"5,001,500","17.48,52.44","22,33",TRUE
NZXT AER RGB 2 3-Pack,,120,White,"5,001,500","17.48,52.44","22,33",TRUE
NZXT AER RGB 2 3-Pack,,120,Black,"5,001,500","17.48,52.44","22,33",TRUE
NZXT Aer RGB 3-Pack,,120,Black,"5,001,500","20,61.4","22,31",TRUE
NZXT Air Flow,12.99,120,Clear,1200,59.1,26.8,FALSE
NZXT Air Flow,12.99,120,Clear,1200,59.1,26.8,FALSE
NZXT Air Flow,,120,White,1200,59.1,26.8,FALSE
NZXT F120 RGB,24.99,120,White,"5,001,800","13.94,50.18","17.2,27.5",TRUE
NZXT F120 RGB,24.99,120,Black,"5,001,800","13.94,50.18","17.2,27.5",TRUE
NZXT F120 RGB 3-Pack,77.33,120,White,"5,001,800","13.94,50.18","17.2,27.5",TRUE
NZXT F120 RGB 3-Pack,77.33,120,Black,"5,001,800","13.94,50.18","17.2,27.5",TRUE
NZXT F120 RGB Core,,120,White,"5,001,800",78.86,33.88,TRUE
NZXT F120 RGB Core,,120,Black,"5,001,800",78.86,33.88,TRUE
NZXT F120 RGB Core 3-Pack,69.99,120,White,"5,001,800",78.86,33.88,TRUE
NZXT F120 RGB Core 3-Pack,69.99,120,Black,"5,001,800",78.86,33.88,TRUE
NZXT F120 RGB DUO,42.98,120,Black,"5,001,800",48.58,29,TRUE
NZXT F120 RGB DUO,32.99,120,White,"5,001,800",48.58,29,TRUE
NZXT F120 RGB DUO 3-Pack,93.99,120,Black,"5,001,800",48.58,29,TRUE
NZXT F120 RGB DUO 3-Pack,114.99,120,White,"5,001,800",48.58,29,TRUE
NZXT F120P,24.98,120,Black,"5,001,800","21.67,78.02","17.9,30.6",TRUE
NZXT F120P,20.98,120,White,"5,001,800","21.67,78.02","17.9,30.6",TRUE
NZXT F120Q,24.98,120,Black,"5,001,200","27.77,64","16.7,22.5",TRUE
NZXT F120Q,24.98,120,White,"5,001,200","27.77,64","16.7,22.5",TRUE
NZXT FN,,120,White,1300,47.27,25.35,FALSE
NZXT FN V2,,120,Black / White,1200,45,21,FALSE
NZXT FN V2,,120,Black / White,1200,45,21,FALSE
NZXT FX,,120,White,"10,002,600","35.79,96","22,36.5",FALSE
NZXT FZ,,120,Clear,1200,59.1,26.8,FALSE
NZXT FZ,,120,Clear,1200,59.1,26.8,FALSE
NZXT FZ,,120,Clear,1200,59.1,26.8,FALSE
PC Cooler HALO FRGB 3-Pack,,120,Black,"10,002,000",72,"8,29.1",TRUE
PC Cooler Moonlight 5-Pack,45.99,120,Black,"10,001,800",54,,TRUE
Phanteks D30-120,33.98,120,Black,"2,502,000",64.3,30.2,TRUE
Phanteks D30-120,33.98,120,White,"2,502,000",64.3,30.2,TRUE
Phanteks D30-120 3-Pack,89.99,120,Black,"2,502,000",64.3,30.2,TRUE
Phanteks D30-120 3-Pack,89.99,120,White,"2,502,000",64.3,30.2,TRUE
Phanteks D30-120 Reversed,33.98,120,Black,"2,502,000",61.5,31.8,TRUE
Phanteks D30-120 Reversed,32.98,120,White,"2,502,000",61.5,31.8,TRUE
Phanteks D30-120 Reversed 3-Pack,89.99,120,Black,"2,502,000",61.5,31.8,TRUE
Phanteks D30-120 Reversed 3-Pack,89.99,120,White,"2,502,000",61.5,31.8,TRUE
Phanteks F120MP,19.98,120,Black,"5,001,800",53.3,25,TRUE
Phanteks F120MP,,120,Black / White,"5,001,800",53.3,25,TRUE
Phanteks F120SP,,120,Black / White,1300,54.4,24.2,FALSE
Phanteks F120SP,19.98,120,Black,1300,54.4,24.2,FALSE
Phanteks F120SP,,120,Black / White,1300,54.4,24.2,FALSE
Phanteks F120SP,,120,Black / White,1300,54.4,24.2,FALSE
Phanteks F120SP,20.99,120,Black / White,1300,54.4,24.2,FALSE
Phanteks F120SP,,120,Black / White,1300,54.4,24.2,FALSE
Phanteks F120XP,,120,Black / White,"5,001,500","23,61.6","21,27",TRUE
Phanteks M25-120 PWM,9.99,120,Black,"5,002,000",84.26,35.7,TRUE
Phanteks M25-120 PWM 3-Pack,29.98,120,Black,"5,002,000",84.26,35.7,TRUE
Phanteks M25-120 PWM D-RGB,15.98,120,Black,"5,002,000",84.26,35.7,TRUE
Phanteks M25-120 PWM D-RGB,16.98,120,White,"5,002,000",84.26,35.7,TRUE
Phanteks M25-120 PWM D-RGB 3-Pack,29.99,120,Black,"5,002,000",84.26,35.7,TRUE
Phanteks M25-120 PWM D-RGB 3-Pack,29.99,120,White,"5,002,000",84.26,35.7,TRUE
Phanteks PH-F120MP V2,,120,Black,"5,002,200",60.5,34.2,TRUE
Phanteks PH-F120MP V2 RADIATOR,14.99,120,Black / White,"5,002,200",60.5,34.2,TRUE
Phanteks PH-F120MP V2 RADIATOR,,120,White,"5,002,200",60.5,34.2,TRUE
Phanteks PH-F120SK,19.98,120,Black / White,"5,001,500",50,27,TRUE
Phanteks PH-F120SK,15.88,120,Black,"5,001,500",50,27,TRUE
Phanteks PH-F120SK 3-Pack,,120,Black / White,"5,001,500",50,27,TRUE
Phanteks PH-F120T30,34.98,120,Black / Gray,,"0,101","0,39.7",TRUE
Phanteks PH-F120T30 3-Pack,84.99,120,Black / Gray,,"0,101","0,39.7",TRUE
Prolimatech Ultra Sleek Vortex,19.51,120,Black,"4,001,300",55.7,"7,17",TRUE
Prolimatech Ultra Sleek Vortex,,120,White,"4,001,300",56,"7,13",TRUE
Prolimatech Vortex,24.97,120,Clear,"12,001,600",72.67,29.1,FALSE
Prolimatech Vortex,,120,Blue,"12,001,600",72.67,29.1,FALSE
Prolimatech Vortex,,120,Red,"12,001,600",72.67,29.1,FALSE
Prolimatech Vortex,,120,White,"4,001,300",56,"7,17",TRUE
Raidmax NV-R120TP,,120,White,"5,002,000","58,64","18,35",TRUE
Raidmax RX-120SR-G,,120,Black / Green,1200,38,22,FALSE
Raidmax RX-120SR-GY,,120,Black / Gray,1200,38,22,FALSE
RAIJINTEK Iris,12.71,120,,"8,001,800",42.17,26.5,TRUE
RAIJINTEK Iris,,120,,"8,001,800",42.17,26.5,TRUE
RAIJINTEK Iris,12.71,120,,"8,001,800",42.17,26.5,TRUE
RAIJINTEK Iris,12.71,120,,"8,001,800",42.17,26.5,TRUE
RAIJINTEK IRIS 12 RBW ADD-1,,120,White / Black,"4,001,800",35.8,28,TRUE
RAIJINTEK IRIS 12 RBW ADD-2 2-Pack,16.99,120,White / Black,"4,001,800",35.8,28,TRUE
RAIJINTEK IRIS 12 RBW ADD-3 3-Pack,44.99,120,White / Black,"4,001,800",35.8,28,TRUE
Razer Kunai Chroma,92.04,120,Black,"5,002,200","17.48,65.5","15,35",TRUE
Razer Kunai Chroma 3-Pack,,120,Black,"5,002,200","17.48,65.5","15,35",TRUE
Reeven Coldwing,,120,Yellow / Black,800,43,14.5,FALSE
Reeven Coldwing,,120,Yellow / Black,2000,106.7,36.6,FALSE
Reeven Coldwing,,120,Yellow / Black,"5,002,000","27.6,106.7","4.3,36.3",TRUE
Reeven Coldwing,,120,Yellow / Black,"3,001,500","16.6,82.1","4,29.8",TRUE
Reeven Euros,,120,Black,800,30.2,12.9,FALSE
Reeven Euros,,120,Black,1200,46.4,22.3,FALSE
Reeven Euros,,120,Black,"5,001,200","18.8,46.4","9.8,22.3",TRUE
Reeven Euros,,120,Black,1600,62.1,31.8,FALSE
Reeven Euros,,120,Black,"5,001,600","18.8,62.1","9.8,31.8",TRUE
Reeven Euros,,120,Black,2000,77.8,38.3,FALSE
Reeven Euros,,120,Black,"8,002,000","30.2,77.8","12.9,38.3",FALSE
RIOTORO Cross-X Classic,,120,Black,1500,47,26.5,FALSE
RIOTORO Cross-X Classic,,120,Black,1500,47,26.5,FALSE
RIOTORO Cross-X Classic,,120,Black,1500,47,26.5,FALSE
RIOTORO Prism 2-Pack,,120,Clear,1500,47,26.5,FALSE
Rosewill Hyperborea,,120,Black,"6,001,300",57.53,"6.9,16.05",TRUE
Rosewill RABF-131209,,120,Black,2000,59.8,37,FALSE
Rosewill RABL-131209B,,120,Black,2000,59.8,36,FALSE
Rosewill RABL-131209R,,120,Black,2000,59.8,36,FALSE
Rosewill RASF-141213,,120,Black,1600,54.55,"11,30.32",TRUE
Rosewill RAWP-141209,,120,Brown / Black,"5,001,500",64.75,"10,21.5",TRUE
Rosewill RAWR-141209,,120,Brown / Black,"10,001,500","45.25,64.75","18,25",FALSE
Rosewill RFA-120-BL,,120,Blue,2000,74.48,29.28,FALSE
Rosewill RFA-120-K,,120,Black,2000,74.48,29.28,FALSE
Rosewill RFA120L-B,,120,Blue,2000,77.26,35.47,FALSE
Rosewill RFA-120-RL,,120,Red,2000,74.48,29.28,FALSE
Rosewill RFA-120-WL,,120,Clear,2000,74.48,29.28,FALSE
Rosewill RFA-BL1201,,120,Black,1800,35.2,26.8,TRUE
Rosewill RFA-RL1201,,120,Black,1800,35.2,26.8,TRUE
Rosewill RFTL-131209B,,120,Clear,2000,59.8,36,FALSE
Rosewill RFTL-131209R,,120,Clear,2000,59.8,36,FALSE
Rosewill RFX-120,,120,Red,"12,002,200",87.5,38.15,FALSE
Rosewill RFX-120BL,,120,Clear,"12,002,200","43.5,87.5","23.5,38.15",FALSE
Rosewill RGBF-17002 2-Pack,,120,Clear,1200,41.9,23.2,FALSE
Rosewill RGBF-17003,,120,Clear,1200,41.9,23.2,FALSE
Rosewill RGBF-S12001 3-Pack,,120,Black,"8,001,800",41.2,27.8,TRUE
Rosewill RGBF-S12003 5-Pack,,120,Black,"8,001,800",41.2,27.8,FALSE
Rosewill RNBF-131209,,120,Black,2000,59.8,37,FALSE
Rosewill RNBL-131209B,,120,Black,2000,59.8,36,FALSE
Rosewill RNBL-131209R,,120,Black,2000,59.8,36,FALSE
Rosewill ROCF-13001,,120,Black,1200,38.2,22,FALSE
Rosewill ROCF-13002,,120,Transparent,1200,38.2,22,FALSE
Rosewill ROCF-22001 5-Pack,,120,Black,1200,32.1,23.5,FALSE
Rosewill RWCB-1612,,120,Black / Blue,"5,001,500",63.1,"6.9,26.2",TRUE
Rosewill RWCR-1612,,120,Black / Red,"5,001,500",63.1,"6.9,26.2",TRUE
Scythe Gentle Typhoon,,120,Gray,1850,57.68,28,FALSE
Scythe Gentle Typhoon,32,120,Gray,800,28.25,9,FALSE
Scythe Gentle Typhoon,,120,Gray,500,18.25,5,FALSE
Scythe Gentle Typhoon,,120,Gray,1150,37,16,FALSE
Scythe Gentle Typhoon,,120,Gray,1450,50.03,21,FALSE
Scythe Grand Flex,,120,Black / Gray,"6,002,400","24.2,96.8","13.5,39.5",TRUE
Scythe Grand Tornado,19.98,120,Black,"4,003,000","12.23,97.82","9.3,36.63",TRUE
Scythe Grand Tornado,19.98,120,Black,"4,002,000","12.23,63.25","9.3,23.37",TRUE
Scythe Kaze Flex,18.62,120,Black,1800,79.76,35.8,FALSE
Scythe Kaze Flex,20.91,120,Black,"300,800","16.6,43.03","4,14.05",TRUE
Scythe Kaze Flex,26.22,120,Black,1200,51.17,24.9,FALSE
Scythe Kaze Flex,13.95,120,Gray / Black,"3,001,200","16.6,51.17","4,24.9",TRUE
Scythe Kaze Flex,17.27,120,Black,800,43.03,14.5,FALSE
Scythe Kaze Flex,,120,Black,"3,001,800","16.6,79.76","4,35.8",TRUE
Scythe Kaze Flex 120,12.95,120,Black,"3,001,500","16.6,66.47","4,29.75",TRUE
Scythe Kaze Flex ARGB,23.3,120,Black / White,"3,001,200","16.6,51.17","4,24.9",TRUE
Scythe Kaze Flex ARGB,21.95,120,Black / White,"3,001,800","16.6,79.76","4,35.8",TRUE
Scythe Kaze Flex ARGB,,120,Black / White,"3,001,500","16.6,66.47","4,29.75",TRUE
Scythe Kaze Flex II,15.95,120,Black,"3,002,000","16.9,90.28","4,36.2",TRUE
Scythe Kaze Flex II,15.95,120,Black,"3,001,500","16.9,67.62","4,28.6",TRUE
Scythe Kaze Flex II,15.95,120,Black,"3,001,200","16.9,52.94","4,23.8",TRUE
Scythe Kaze Flex II Slim,16.95,120,Black,"3,001,800","8.16,48","2.58,27.8",TRUE
Scythe Kaze Flex II Slim,16.95,120,Black,"3,001,500","8.16,39.44","2.58,23.8",TRUE
Scythe Kaze Flex II Slim,,120,Black,"3,001,200","8.16,32","2.58,21.3",TRUE
Scythe Kaze Flex RGB,15.99,120,Black / White,"3,001,200","16.6,51.17","4,24.9",TRUE
Scythe Kaze Flex Slim,19.48,120,Black / White,"3,001,800","8.28,50.79","2.7,30",TRUE
Scythe Kaze Flex Slim,,120,Gray / Black,1800,50.79,30,TRUE
Scythe Kaze Flex Slim,32.3,120,Gray / Black,"3,001,800","8.28,50.79","2.7,30",TRUE
Scythe Kaze Flex Slim,17.68,120,Gray / Black,"3,001,200","8.28,33.86","2.7,23.9",TRUE
Scythe Kaze Flex Slim,,120,Black / White,"3,001,200","8.28,33.86","2.7,23.9",TRUE
Scythe Kaze Flex Slim,,120,Gray / Black,1200,33.86,23.9,TRUE
Scythe Slipstream,,120,Black,2000,45.47,37,FALSE
Scythe Slipstream,,120,Black,1900,110.31,37,FALSE
Scythe Slipstream,,120,Black,1900,110.31,37,FALSE
Scythe Slipstream,24.99,120,Black,"2,001,300","9.8,74.25","3,26.5",TRUE
Scythe Slipstream,,120,Black,1600,88.11,33,FALSE
Scythe Slipstream,,120,Black,800,40.17,10.7,FALSE
Scythe Slipstream,,120,Black,1200,68.54,24,FALSE
Scythe Slipstream,,120,Black,500,4.5,7.5,FALSE
Scythe Wonder Snail,16.95,120,White,"3,002,400","7.68,77.23","3,29.3",TRUE
Scythe Wonder Snail 120,16.95,120,Black,"3,002,400","7.68,77.23","3,29.3",TRUE
Scythe Wonder Snail 120,,120,Black,"3,501,200","8.01,37.73","4,18.6",TRUE
Scythe Wonder Snail 120,,120,Black,"3,501,800","8.01,51.68","4,22.9",TRUE
Scythe Wonder Tornado,12.99,120,Black,"3,502,000","7.68,60.29","3,26.88",TRUE
SeaSonic MAGFLOW,32.54,120,Black,"6,002,000",63.33,"9.9,33.78",TRUE
SeaSonic MAGFLOW 3-Pack,112.99,120,Black,"6,002,000",63.33,"9.9,33.78",TRUE
SeaSonic MAGFLOW ARGB,,120,Black,2000,49.47,30.115,TRUE
SeaSonic MAGFLOW ARGB 3-Pack,,120,Black,2000,49.47,30.115,TRUE
SHARKOON Rebel F50,,120,Black,"6,002,000",77.65,35,TRUE
SHARKOON Rebel F50,,120,White,"6,002,000",77.65,35,TRUE
SHARKOON RGB SHARK Lights,,120,Black,1000,32.96,15.2,FALSE
SHARKOON Shark Blade,,120,Black / Red,1000,33,19,FALSE
SHARKOON Shark Blade,,120,Black / Green,1000,33,19,FALSE
SHARKOON Shark Blade,,120,Black / Blue,1000,33,19,FALSE
SHARKOON Shark Blade,,120,Black / Yellow,1000,33,19,FALSE
SilenX Effizio,21.86,120,Red,1400,74,15,FALSE
SilenX Effizio,17.98,120,Yellow,1100,44,12,FALSE
SilenX Effizio,15.89,120,White,1400,74,15,FALSE
SilenX Effizio,28.33,120,Clear,1400,74,15,FALSE
SilenX Effizio,31.29,120,Clear,1400,74,15,FALSE
SilenX Ixtrema Pro,24.94,120,Black,1400,90,18,FALSE
Silverstone Air Penetrator,,120,Black,1200,42.58,19.7,FALSE
Silverstone Air Penetrator,,120,Clear,1500,35.36,22.4,FALSE
Silverstone Air Penetrator,,120,Clear,1500,35.36,22.4,FALSE
Silverstone Air Penetrator,,120,Clear,1500,35.36,22.4,FALSE
Silverstone Air Penetrator,22.63,120,Clear,1500,35.36,22.4,FALSE
Silverstone Air Penetrator,21.99,120,Clear,1500,35.36,22.4,FALSE
Silverstone Air Penetrator,,120,Blue,1500,31.4,31.4,FALSE
Silverstone Air Slimmer 120,34.2,120,Black,,"0,63.67","0,31.7",TRUE
Silverstone Air Slimmer 120 ARGB,23.54,120,Black,,"0,63.67","0,31.7",TRUE
Silverstone AP,31.37,120,Black / White,"5,001,800","6.37,25.5","19.25,23.54",TRUE
Silverstone FHS 120X,28.3,120,Black,"10,004,000",143.98,51.8,TRUE
Silverstone FM,,120,White,"8,002,400",110.03,"17,39.5",FALSE
Silverstone FM,,120,White / Silver,"8,002,400",110.03,"17,39.5",FALSE
Silverstone FN,7.99,120,Black,1200,58.47,25.15,FALSE
Silverstone FN,13.45,120,Black / White,2000,32.6,23.5,FALSE
Silverstone FN,,120,Black,1200,53.24,26.6,FALSE
Silverstone FN,9.99,120,Clear,1200,58.47,25.15,FALSE
Silverstone FN,22.68,120,Black,1500,25.06,18,FALSE
Silverstone FN,11.99,120,Clear,1200,58.47,25.15,FALSE
Silverstone FN,,120,Clear,1200,58.47,25.15,FALSE
Silverstone FN,,120,Transparent,1200,58.47,25.15,FALSE
Silverstone FN,,120,Transparent,1200,53.24,26.6,FALSE
Silverstone FQ,,120,White / Blue,1800,67.5,24,TRUE
Silverstone FQ,22.99,120,White / Blue,"8,001,500","37.79,63.8","15.9,24.9",TRUE
Silverstone FW,,120,Black / Transparent,"8,002,000","13.1,32.6","14.7,24.6",TRUE
Silverstone FW,12.99,120,Blue / White,"10,001,800","42.6,76.5","18.39,28.1",TRUE
Silverstone FW,30,120,Black,"5,001,800","10.95,42.41","19.25,23.54",TRUE
Silverstone FW,,120,Blue / White,"8,002,000","13.1,32.6","14.7,24.6",TRUE
Silverstone SCOOL,,120,Blue,"400,950","17.75,42.15","15,18",FALSE
Silverstone Shark Force,,120,Black,,"0,100","0,41.2",TRUE
Silverstone Shark Force 120,28.99,120,Black,,"0,100","0,41.2",TRUE
StarTech FAN12025PWM,,120,Black,"8,002,200","33.2,78.41","17.2,39",FALSE
StarTech FANBOX,10.38,120,Black,2000,72.94,30,FALSE
Super Flower MEGACOOL,23.99,120,Black / Purple,"20,003,300","90.04,151.87","35.73,48.39",TRUE
Super Flower MEGACOOL 3-Pack,55.99,120,Black / Purple,"20,003,300","90.04,151.87","35.73,48.39",TRUE
Swiftech HELIX,,120,Black / White,1800,55,33,FALSE
Tempest TP-FAN120-B,,120,Black,1000,37.8,20.4,FALSE
Thermalright TL-B Extrem LCP,,120,Black,2150,69,28.1,TRUE
Thermalright TL-B Extrem LCP 3-Pack,,120,Black,2150,69,28.1,TRUE
Thermalright TL-B12,,120,Black,2150,69,28.1,TRUE
Thermalright TL-B12 EXTREM,10.92,120,Black / Red,3150,112,40.5,TRUE
Thermalright TL-B-S,,120,White,2150,69,28.1,TRUE
Thermalright TL-B-S,,120,Black,2150,69,28.1,TRUE
Thermalright TL-C12 D6,6.19,120,Gray,1500,66.17,25.6,TRUE
Thermalright TL-C12 PRO,,120,Black,1850,82,29.6,TRUE
Thermalright TL-C12015,,120,Gray,1500,52,24.1,TRUE
Thermalright TL-C12015,,120,Black,1800,59,26.1,TRUE
Thermalright TL-C12015W-S,,120,White,1500,52,24.1,TRUE
Thermalright TL-C12B-S V3,7.19,120,Black,1500,66.17,25.6,TRUE
Thermalright TL-C12B-S V3 X3 3-Pack,16.89,120,Black,1500,66.17,25.6,TRUE
Thermalright TL-C12C,6.59,120,Black,1550,66.17,25.6,TRUE
Thermalright TL-C12C X3 3-Pack,11.9,120,Black,1550,66.17,25.6,TRUE
Thermalright TL-C12C-S,,120,Black,1550,66.17,25.6,TRUE
Thermalright TL-C12C-S X3 3-Pack,13.59,120,Black,1550,66.17,25.6,TRUE
Thermalright TL-C12CW,6.59,120,White,1550,66.17,25.6,TRUE
Thermalright TL-C12CW-S X3 3-Pack,13.19,120,White,1550,66.17,25.6,TRUE
Thermalright TL-C12RB-S V2,,120,Black / White,1500,58,25.6,TRUE
Thermalright TL-C12RW-S V2,6.99,120,Black / White,1500,58,25.6,TRUE
Thermalright TL-C12W-S V3,7.29,120,White,1500,66.17,25.6,TRUE
Thermalright TL-C12W-S V3 X3 3-Pack,,120,White,1500,66.17,25.6,TRUE
Thermalright TL-E12B EXTREM,,120,Black,1850,78,27.7,TRUE
Thermalright TL-K12,12.9,120,Black,2150,69,27,TRUE
Thermalright TL-K12,16.89,120,White,2150,69,27,TRUE
Thermalright TL-M,8.69,120,White,1500,47.6,23.2,TRUE
Thermalright TL-M12,7.99,120,Black,1500,47.6,23.2,TRUE
Thermalright TL-M12-S,7.89,120,Black,1500,47.6,23.2,TRUE
Thermalright TL-M12W-S,10.59,120,White,1500,47.6,23.2,TRUE
Thermalright TL-P12,,120,Black,1500,52.86,22.1,TRUE
Thermalright TL-P12,,120,White,1500,52.86,22.1,TRUE
Thermalright TL-P12-S,6.59,120,Black / White,1500,52.86,22.1,TRUE
Thermalright TL-P12W-S,7.39,120,White,1500,52.86,22.1,TRUE
Thermalright TL-R12,,120,White,"4,001,500","21.76,65.25","15,23",TRUE
Thermalright TL-R12,,120,Black / Gray,"4,001,500","21.76,65.25","15,23",TRUE
Thermalright TL-R12,,120,Black / Gray,"4,001,500","21.76,65.25","15,23",TRUE
Thermalright TL-R12,,120,Black,"4,001,500","21.76,65.25","15,23",TRUE
Thermalright TL-RS12 ARGB,,120,Black / Gray,"4,001,500","21.76,65.25","15,23",TRUE
Thermalright TL-S12,6.79,120,Black,1500,47.6,23.2,TRUE
Thermalright TL-S12 X3 3-Pack,16.89,120,Black,1500,47.6,23.2,TRUE
Thermalright TL-S12R,,120,White,1500,47.6,23.2,TRUE
Thermalright TL-S12R,,120,Black,1500,47.6,23.2,TRUE
Thermalright TL-S12-S,,120,Black,1500,47.6,"23,23.2",TRUE
Thermalright TL-S12W,6.99,120,White,1500,47.6,23.2,TRUE
Thermalright TL-S12W X3 3-Pack,17.89,120,White,1500,47.6,23.2,TRUE
Thermalright TY,,120,Black / Red,"7,001,300",64.52,30.6,TRUE
Thermaltake Blue-Eye,,120,Clear,"13,002,500",97.5,"24.6,38.79",FALSE
Thermaltake CT120 2-Pack,21.99,120,Black,"5,002,000",57.05,25.8,TRUE
Thermaltake CT120 2-Pack,24.99,120,White,"5,002,000",57.05,25.8,TRUE
Thermaltake CT120 ARGB Sync 2-Pack,24.99,120,Black,"5,002,000",57.05,25.8,TRUE
Thermaltake CT120 ARGB Sync 2-Pack,29.99,120,White,"5,002,000",57.05,25.8,TRUE
Thermaltake CT120 EX ARGB Sync 3-Pack,64.98,120,Black,"5,002,000",68,28.5,TRUE
Thermaltake DuraMax,,120,Black,2000,78,36,FALSE
Thermaltake ISGC,,120,White,"8,001,300",58.3,16,FALSE
Thermaltake Luna,,120,Black / Red,1200,50.44,20.7,FALSE
Thermaltake Luna,,120,Black / Red,1200,50.44,20.7,FALSE
Thermaltake Luna,,120,Black / Red,1200,50.44,20.7,FALSE
Thermaltake Luna,,120,Black / Blue,1400,27.53,24,FALSE
Thermaltake Luna Slim,,120,Black / Red,1400,27.53,24,FALSE
Thermaltake Luna Slim,13.99,120,Black / White,1400,27.53,24,FALSE
Thermaltake Mobile Fan,,120,Orange,"2,501,500",66.55,"19,33.5",FALSE
Thermaltake Pure,10.16,120,Black,,40.99,19.5,FALSE
Thermaltake Pure,9.99,120,Clear,1000,40.99,19.5,FALSE
Thermaltake Pure,,120,Clear,1000,40.99,19.5,FALSE
Thermaltake Pure,15.99,120,Clear,1000,40.99,19.5,FALSE
Thermaltake Pure,,120,Black,,40.99,19.5,FALSE
Thermaltake Pure A12,22.53,120,Black,"5,001,500",,,TRUE
Thermaltake Pure A12,18.98,120,Black,"5,001,500",,,TRUE
Thermaltake Pure A12,18.98,120,Black,"5,001,500",,,TRUE
Thermaltake Pure A12,,120,Black,"5,001,500",,,TRUE
Thermaltake Pure ARGB Sync TT Premium Edition 3-Pack,,120,White / Gray,"5,001,500",56.45,25.8,TRUE
Thermaltake Pure ARGB TT Premium Edition 3-Pack,39.99,120,Black,"5,001,500",56.45,25.8,TRUE
Thermaltake Pure Duo 2-Pack,29.99,120,Black,"5,001,500",,28,TRUE
Thermaltake Pure Duo 2-Pack,34.98,120,White,"5,001,500",,28,TRUE
Thermaltake Pure Plus RGB TT Premium Edition 3-Pack,74.8,120,Black,"5,001,500",56.45,25.8,TRUE
Thermaltake Pure S,,120,Black,1000,38.89,17.78,FALSE
Thermaltake Riing,9.49,120,Black / Blue,"10,001,500",40.6,"18.7,24.6",FALSE
Thermaltake Riing,16.54,120,Black / White,"10,001,500",40.6,"18.7,24.6",FALSE
Thermaltake Riing,12.99,120,Black / Green,"10,001,500",40.6,"18.7,24.6",FALSE
Thermaltake Riing,,120,Black / Orange,"10,001,500",40.6,"18.7,24.6",FALSE
Thermaltake Riing,,120,Black / Yellow,"10,001,500",40.6,"18.7,24.6",FALSE
Thermaltake Riing,45.98,120,Black,"10,001,500",40.6,26.4,TRUE
Thermaltake Riing,17.98,120,Black / Red,"10,001,500",40.6,"18.7,24.6",FALSE
Thermaltake Riing 3-Pack,,120,Black,"10,001,500",40.6,26.4,TRUE
Thermaltake Riing 3-Pack,,120,Black,"5,001,400",48.79,"18.2,24.8",TRUE
Thermaltake Riing Plus TT 3-Pack,63.99,120,Black,"5,001,500",48.34,24.7,TRUE
Thermaltake Riing Plus TT 5-Pack,119.99,120,Black,"5,001,500",48.34,24.7,TRUE
Thermaltake Riing Plus TT Premium Edition,11.99,120,Black,"5,001,400","5,14",24.7,TRUE
Thermaltake Riing Quad 12 RGB Radiator TT Premium Edition 3-Pack,77,120,Black,"5,001,500",40.9,25,TRUE
Thermaltake Riing Quad 12 RGB Radiator TT Premium Edition 3-Pack,119.99,120,White,"5,001,500",40.9,25,TRUE
Thermaltake Riing Trio 12 RGB TT Premium Edition 3-Pack,59.99,120,Black,"5,001,500",41.13,25.2,TRUE
Thermaltake SWAFAN 12 3-Pack,71.06,120,Black,"5,002,000","53.02,54.85","30.5,36.5",FALSE
Thermaltake SWAFAN EX12 ARGB 3-Pack,75.98,120,Black,"5,002,000","56.26,57.11","30.6,32.5",TRUE
Thermaltake SWAFAN EX12 ARGB 3-Pack,74.98,120,White,"5,002,000","56.26,57.11","30.6,32.5",TRUE
Thermaltake SWAFAN EX12 ARGB 3-Pack,74.98,120,Blue / White,"5,002,000","56.26,57.11","30.6,32.5",TRUE
Thermaltake SWAFAN EX12 RGB 3-Pack,109.99,120,White,"5,002,000","56.26,57.11","30.5,32.5",FALSE
Thermaltake SWAFAN EX12 RGB 3-Pack,89.99,120,Black,"5,002,000","56.26,57.11","30.5,32.5",FALSE
Thermaltake SWAFAN GT12,29.99,120,Black,"5,002,000","54.71,58.17","26.5,29.8",TRUE
Thermaltake Thunderblade,,120,Black / Orange,1500,66.55,"19,33.5",FALSE
Thermaltake Thunderblade,,120,Red,1800,70.2,31.7,FALSE
Thermaltake Thunderblade,,120,Clear,1800,70.2,31.7,FALSE
Thermaltake TOUGHFAN,19.98,120,White,"5,002,000",58.35,22.3,TRUE
Thermaltake TOUGHFAN,19.98,120,Black,"5,002,000",58.35,22.3,TRUE
Thermaltake TOUGHFAN,19.98,120,Green,"5,002,000",58.35,22.3,TRUE
Thermaltake TOUGHFAN,15.95,120,Turquoise,"5,002,000",58.35,22.3,TRUE
Thermaltake TOUGHFAN 12 3-Pack,90.19,120,Black,"5,002,000",53.75,21.2,FALSE
Thermaltake TOUGHFAN 12 Pro,24.99,120,Black,"5,002,000","49.13,70.8","18.3,22.6",TRUE
Thermaltake TOUGHFAN 12 Pro 2-Pack,44.99,120,Black,"5,002,000","49.13,70.8","18.3,22.6",TRUE
Thermaltake TOUGHFAN 2-Pack,29.99,120,Black,"5,002,000",58.35,22.3,TRUE
Thermaltake TOUGHFAN EX12 Pro 3-Pack,,120,Black,"5,002,000","64.21,70.8","22.6,29.8",TRUE
Thermaltake TOUGHFAN Turbo,19.98,120,Black,"5,002,500",72.69,28.1,TRUE
Thermaltake TurboFan,,120,Red / Black,1400,50,17,FALSE
Titan TFD-12015H12ZP,19.5,120,Black / White,"1,501,500",52.95,"5,28.6",FALSE
Titan TFD-12025H12ZP,14.82,120,White / Blue,"8,002,200","24.23,66.62","15,35",TRUE
upHere B12CM4 3-Pack,,120,Blue,"6,001,800","18.1,50.9","15.9,34.4",TRUE
upHere NT1207 5-Pack,37.99,120,White,"6,001,800","29.37,86.34",,TRUE
upHere T7SYC7 3-Pack,27.99,120,Black,"6,001,700",,"16.1,27.7",TRUE
upHere T7SYC7 6-Pack,43.99,120,Black,"6,001,700",,"16.1,27.7",TRUE
Vantec Stealth,13.51,120,Black,1500,53,28,FALSE
Vantec Thermoflow,,120,Black,"13,002,200","54.3,92","29,39",FALSE
Vetroo ARGB120,,120,Black,1300,48.1,,TRUE
Vetroo ARGB120,,120,White,1300,48.1,,TRUE
Vetroo ARGB120,,120,Pink,1300,48.1,,TRUE
Vetroo ARGB120 3-Pack,,120,Pink,1300,48.1,,TRUE
Vetroo ARGB120 3-Pack,,120,White,1300,48.1,,TRUE
Vetroo ARGB120 3-Pack,,120,Black,1300,48.1,,TRUE
VIVO FAN-V120B,,120,Blue,1200,43.2,19.8,FALSE
Xigmatek CFS,,120,Black / Green,1400,53.34,14,FALSE
Xigmatek CFS,,120,Black / Blue,1400,53.34,14,FALSE
Xigmatek CFS,,120,Black / Red,1400,53.34,14,FALSE
Xigmatek CFS,,120,Black / Orange,1400,53.34,14,FALSE
Xigmatek CFS,,120,Black / Yellow,1400,53.34,14,FALSE
Xigmatek Crystal,,120,Clear,1500,61.37,20,FALSE
Xigmatek Crystal,,120,Clear,1500,61.37,20,FALSE
Xigmatek Crystal,,120,Clear,1500,68.33,20,FALSE
Xigmatek Crystal,,120,Clear,1500,68.33,20,FALSE
Xigmatek Crystal,,120,Clear,1500,68.33,20,FALSE
Xigmatek Crystal,,120,Clear,1500,68.33,20,FALSE
Xigmatek Crystal,,120,Clear,1500,68.33,20,FALSE
Xigmatek Crystal,,120,Clear,1500,61.37,20,FALSE
Xigmatek Crystal,,120,Clear,1500,61.37,20,FALSE
Xigmatek Crystal,,120,Clear,1500,61.37,20,FALSE
Xigmatek eXTREME OCTAGON,,120,White,1400,50,14,FALSE
Xigmatek eXTREME OCTAGON,,120,Black / Blue,1400,53.34,14,FALSE
Xigmatek eXTREME SILENT,,120,Black,1800,75,20,FALSE
Xigmatek eXTREME SILENT,,120,Black,1800,75,20,FALSE
Xigmatek Galaxy II Elite 3-Pack,,120,Black / White,"6,001,500",,,FALSE
Xigmatek Galaxy II Pro 3-Pack,,120,Black / White,"6,001,500",,,FALSE
Xigmatek XAF,5.99,120,Black,1500,75.3,24,FALSE
Xigmatek XAF,,120,Black,1500,75.3,24,FALSE
Xigmatek XAF,,120,Black,"10,001,800",90.3,26,FALSE
Xigmatek XAF,,120,Blue,1500,75.3,24,FALSE
Xigmatek XAF,,120,Orange,1500,75.3,24,FALSE
Xigmatek XAF,,120,White,1500,75.3,24,FALSE
Xigmatek XLF,32.92,120,Orange,1500,61,20,FALSE
Xigmatek XLF,,120,Black,"8,001,500",61,20,TRUE
Xigmatek XLF,,120,Blue,1500,61,20,FALSE
Xigmatek XLF,,120,Clear,1500,61,20,FALSE
Xilence Performance C,,120,Black / Red,1500,57.9,28,TRUE
Xion Alphawing,,120,White,1200,51.02,"19.6,25.2",FALSE
Xion Alphawing,,120,Translucent Black,1200,51.02,"19.6,25.2",FALSE
Xion Alphawing,,120,Blue,1200,51.02,"19.6,25.2",FALSE
Xion Alphawing,,120,Black,1200,51.02,"19.6,25.2",FALSE
Xion Alphawing,,120,Red / Black,1200,51.02,"19.6,25.2",FALSE
Yate Loon D12SL-12,,120,Black / White,1000,36.86,18,FALSE
YEYIAN Typhoon 3-Pack,,120,Black,1200,38.5,23,TRUE
YEYIAN Typhoon 3-Pack,,120,Black,1500,36,23.5,FALSE
YEYIAN Typhoon 3-Pack,,120,Black,1500,36,23.5,FALSE
YEYIAN Typhoon 3-Pack,,120,Black / White,1000,36,23,FALSE
Zalman F3,,120,Black,"9,001,800",,"20,34",FALSE
Zalman F3,,120,Transparent,"10,001,800",,"20,32",FALSE
Zalman F3,,120,Black / Clear,1200,,"20,23",FALSE
Zalman F3,,120,Black,1200,,"20,23",FALSE
Zalman F3,,120,Clear,1500,,23,FALSE
Zalman F3,,120,Transparent,"10,001,800",,"20,32",FALSE
Zalman F3,,120,Transparent,"10,001,800",,"20,32",FALSE
Zalman F3,,120,Clear,1200,,"20,23",FALSE
Zalman SF120,9.99,120,Silver / Black,"8,001,500",54,28,TRUE
Zalman SF3,,120,White,1500,,23,FALSE
