name,price,type,color,side_panel,external_volume,internal_35_bays
Antec Cube,,Mini ITX Tower,Black / Green,Acrylic,42,1
Antec ISK 110 VESA,,Mini ITX Desktop,Black / Silver,,3.7,0
Antec ISK 110 VESA U3,,Mini ITX Desktop,Black,,4.1,0
Antec ISK 300-150,,Mini ITX Desktop,Black,,6.9,0
Antec ISK 300-65,,Mini ITX Desktop,Black,,6.9,0
Antec ISK 310-150,,Mini ITX Desktop,Black / Silver,,6.9,0
Antec ISK-100,,Mini ITX Tower,Black / Silver,,4.4,0
Antec ISK600,,Mini ITX Tower,Black / Blue,,18.7,3
Antec Striker,,Mini ITX Tower,White,Tempered Glass,39.6,0
Antec Striker Phantom Gaming Edition,,Mini ITX Desktop,White / Black,Tempered Glass,,0
Apevia X-FIT-100,,Mini ITX Tower,Black,,4.7,0
Apevia X-FIT-200,,Mini ITX Tower,Black,,6.4,1
Apex MI-008,67.78,Mini ITX Tower,Black,,8.5,1
Apex MI-100,,Mini ITX Tower,Black / Silver,,8.5,1
Apex MI-100,,Mini ITX Tower,Black,,8.5,1
Apex MI-110,,Mini ITX Tower,Black / Silver,Acrylic,9.7,1
Apex MW-100,,Mini ITX Tower,Black / White,,2.9,0
Apex MW-107V,,Mini ITX Tower,Black / White,,2.9,0
Asus ROG Z11,138.48,Mini ITX Tower,Black,Tinted Tempered Glass,,1
Athenatech A1019HG.150,,Mini ITX Desktop,Gray / Black,,5.2,1
Athenatech A1089BB.150,,Mini ITX Tower,Black,,9.9,1
Athenatech A1089BR.150,,Mini ITX Tower,Black / Red,,9.9,1
Athenatech A1089BW.150,,Mini ITX Tower,Black / White,,9.9,1
Athenatech A1089HG.150,,Mini ITX Tower,Black,,9.9,1
Azza CSAZ-105,,Mini ITX Desktop,Black,,,1
Azza CUBE MINI 805,299.99,Mini ITX Tower,Silver / Black,Tempered Glass,17.6,0
Azza Pyramid Mini 806,279.99,Mini ITX Tower,Silver / Black,Tempered Glass,,0
Azza Z,,Mini ITX Tower,Black,Acrylic,16.7,0
BitFenix Colossus Mini,,Mini ITX Tower,Black / White,,57.9,5
BitFenix Phenom,,Mini ITX Tower,Black,,30.6,6
BitFenix Phenom,,Mini ITX Tower,White,,30.6,6
BitFenix Portal,,Mini ITX Tower,White,,,2
BitFenix Portal,,Mini ITX Tower,White,Acrylic,,2
BitFenix Portal,,Mini ITX Tower,Black,Acrylic,,2
BitFenix Portal,,Mini ITX Tower,Black,,,2
BitFenix Prodigy,,Mini ITX Tower,Black,,36,5
BitFenix Prodigy,,Mini ITX Tower,Orange,,36,5
BitFenix Prodigy,,Mini ITX Tower,Blue,Acrylic,36,5
BitFenix Prodigy,,Mini ITX Tower,White,,36,5
BitFenix Prodigy,,Mini ITX Tower,Red,,36,5
BitFenix Prodigy,,Mini ITX Tower,Green,Acrylic,36,5
CHENBRO ES34069-BK-180,,Mini ITX Tower,Black,,9.4,0
CHENBRO SR30169,,Mini ITX Tower,Black / Silver,,,4
Chieftec BT-02B-U3-250VS (230V),183,Mini ITX Tower,,,9.6,1
Chieftec BT-04B-U3-250VS (230V),248,Mini ITX Tower,Black,,10.5,1
Chieftec BT-06B-250VS (230v),,Mini ITX Tower,,,10.5,1
Chieftec BU-12B-300,,Mini ITX Tower,Black,,7.5,1
Chieftec CN-01B-OP,,Mini ITX Desktop,Black,Mesh,13,3
Chieftec FI-01B-U3,,Mini ITX Desktop,Black / Silver,,,1
Chieftec FI-01B-U3,,Mini ITX Desktop,Black / Silver,,,1
Chieftec FI-01B-U3,,Mini ITX Desktop,Black,,,1
CiT MTX-005B,,Mini ITX Tower,Black,,,1
CiT MTX-007B,,Mini ITX Desktop,Black,,5.1,0
CiT MTX-008B,,Mini ITX Desktop,Black,,8.6,1
Cooler Master Elite 110,,Mini ITX Tower,Black,,15.3,3
Cooler Master Elite 120 Advanced,,Mini ITX Tower,Black / Silver,,19.7,3
Cooler Master Elite 120 Advanced,,Mini ITX Tower,White,,19.7,3
Cooler Master Elite 130,,Mini ITX Tower,Black,,19.8,3
Cooler Master HAF Stacker 915F,,Mini ITX Tower,Black,,32.4,3
Cooler Master HAF Stacker 915R,,Mini ITX Tower,Black,,32.4,3
Cooler Master MasterBox NR200,114.99,Mini ITX Desktop,Black,,,2
Cooler Master MasterBox NR200,93.99,Mini ITX Desktop,White / Black,,,2
Cooler Master MasterBox NR200P,,Mini ITX Desktop,Black,Tempered Glass,20.3,2
Cooler Master MasterBox NR200P,,Mini ITX Desktop,White / Black,Tempered Glass,20.3,2
Cooler Master MasterBox NR200P,,Mini ITX Desktop,Pink,Tempered Glass,20.3,2
Cooler Master MasterBox NR200P,,Mini ITX Desktop,Pink / White,Tempered Glass,20.3,2
Cooler Master MasterBox NR200P,,Mini ITX Desktop,Purple,Tempered Glass,20.3,2
Cooler Master MasterBox NR200P,,Mini ITX Desktop,Orange,Tempered Glass,20.3,2
Cooler Master MasterBox NR200P,,Mini ITX Desktop,Blue,Tempered Glass,20.3,2
Cooler Master MasterBox NR200P V2,119.99,Mini ITX Desktop,Black,Mesh,20.1,1
Cooler Master MasterBox NR200P V2,115.99,Mini ITX Desktop,White,Mesh,20.1,1
Cooler Master MasterCase H100,86.61,Mini ITX Desktop,Black,,,1
Cooler Master MasterCase H100 ARGB,80.98,Mini ITX Desktop,Black,,,1
Cooltek UMX1,,Mini ITX Tower,Black,,,2
Cooltek UMX1,,Mini ITX Tower,Silver,,,2
Cooltek W1,,Mini ITX Tower,Black,,,4
Cooltek W1,,Mini ITX Tower,Black,Acrylic,,4
Cooltek W1,,Mini ITX Tower,Silver,,,4
Cooltek W1,,Mini ITX Tower,Silver,Acrylic,,4
Corsair 2000D AIRFLOW,99.99,Mini ITX Tower,Black,Mesh,24.8,0
Corsair 2000D AIRFLOW,104.99,Mini ITX Tower,White,Mesh,24.8,0
Corsair 2000D RGB AIRFLOW,114.99,Mini ITX Tower,Black,Mesh,24.8,0
Corsair 2000D RGB AIRFLOW,139.99,Mini ITX Tower,White,Mesh,24.8,0
Corsair Graphite Series 380T,,Mini ITX Tower,Black / Red,,41,2
Corsair Graphite Series 380T,,Mini ITX Tower,Black / White,,41,2
Corsair Graphite Series 380T,,Mini ITX Tower,Black / Yellow,,41,2
Corsair Obsidian Series 250D,,Mini ITX Tower,Black,Acrylic,28.1,2
Cougar Dust 2,166.82,Mini ITX Tower,Black / Gold,Mesh,23.6,0
Cougar Dust 2,,Mini ITX Tower,Black / Gray,Mesh,23.6,0
Cougar Dust 2,,Mini ITX Tower,Black / Silver,Mesh,23.6,0
CRYORIG TAKU,,Mini ITX Desktop,Silver,,,1
Cubitek Mini Cube,,Mini ITX Tower,Black,,,3
Cubitek Mini Cube,,Mini ITX Tower,Silver,,,3
DAN Cases A4 SFX,,Mini ITX Desktop,Black,,,0
DAN Cases A4 SFX,,Mini ITX Desktop,Black,,,0
DAN Cases A4 SFX,,Mini ITX Desktop,Silver,,,0
DAN Cases A4 SFX,,Mini ITX Desktop,Silver,,,0
DAN Cases A4-SFXv3,,Mini ITX Desktop,Black,,,0
DAN Cases A4-SFXv3,,Mini ITX Desktop,Silver,,,0
DAN Cases A4-SFXv4,,Mini ITX Desktop,Silver,,,0
DAN Cases A4-SFXv4,,Mini ITX Desktop,Black,,,0
DAN Cases A4-SFXv4.1,,Mini ITX Desktop,Black,,7.5,0
DAN Cases A4-SFXv4.1,,Mini ITX Desktop,Silver,,7.5,0
DAN Cases C4-SFXv1,,Mini ITX Desktop,Black,Mesh,15.9,0
DAN Cases C4-SFXv1,,Mini ITX Desktop,Silver,Mesh,15.9,0
darkFlash DLH21,129.44,Mini ITX Tower,White,,17.2,1
darkFlash DLH21,,Mini ITX Tower,Black,,17.2,1
Deepcool CH160,,Mini ITX Desktop,Black,Tempered Glass,19.1,1
Deepcool CH160,,Mini ITX Desktop,White,Tempered Glass,19.1,1
Deepcool Tristellar,,Mini ITX Desktop,Black / Silver,Acrylic,,2
Deepcool Tristellar,,Mini ITX Desktop,Black,,,2
Deepcool Tristellar,,Mini ITX Desktop,White / Blue,Acrylic,,2
DIYPC HTPC-Cube,,Mini ITX Tower,Black,,,1
DIYPC HTPC-MiniCube,,Mini ITX Tower,Gold,,9.8,1
DIYPC HTPC-MiniCube,,Mini ITX Tower,Silver,,9.8,1
DIYPC V3Plus,,Mini ITX Tower,Black,,10.5,1
DIYPC V3Plus,,Mini ITX Tower,Red,,10.5,1
EVGA Hadron,,Mini ITX Tower,Black,Acrylic,14.2,2
EVGA Hadron Hydro,,Mini ITX Tower,Black,Acrylic,18.4,2
Formd T1 v2.1,195,Mini ITX Tower,Black,Aluminum Coated,9.5,1
Foxconn RM233+DSI250P,,Mini ITX Tower,Black / Silver,,9.1,1
Foxconn RM233+FSP150-50GLT,,Mini ITX Tower,Black / Silver,,9.4,1
Foxconn RM338+FSP150-50GL,,Mini ITX Tower,Black / Silver,,9.1,1
Foxconn RS-233(H)+DSL-150-4SS,,Mini ITX Tower,Black / Silver,,8.4,1
Foxconn RS-233+FSP150-50GLT-4SS,,Mini ITX Tower,Black / Silver,,8.4,1
Fractal Design Array R2,,Mini ITX Desktop,Black,,17.3,6
Fractal Design Core 500,,Mini ITX Desktop,Black,,18.6,3
Fractal Design Define 7 Nano,,Mini ITX Tower,Black,Tinted Tempered Glass,29.5,1
Fractal Design Define 7 Nano,,Mini ITX Tower,Black,,29.5,1
Fractal Design Define Nano S,,Mini ITX Desktop,Black,Acrylic,28.8,2
Fractal Design Define Nano S,,Mini ITX Desktop,Black,,28.8,2
Fractal Design Era ITX,,Mini ITX Desktop,Silver,Tinted Tempered Glass,16.7,1
Fractal Design Era ITX,,Mini ITX Desktop,Silver / Black,,16.7,1
Fractal Design Era ITX,,Mini ITX Desktop,Blue / Black,Tinted Tempered Glass,16.7,1
Fractal Design Era ITX,,Mini ITX Desktop,Gray,,16.7,1
Fractal Design Era ITX,,Mini ITX Desktop,Gold / Black,Tinted Tempered Glass,16.7,1
Fractal Design Meshify 2 Nano,313.13,Mini ITX Tower,Black,Tempered Glass,29.3,1
Fractal Design Meshify 2 Nano,89.99,Mini ITX Tower,White,Tempered Glass,29.3,1
Fractal Design Node 304,87.98,Mini ITX Tower,Black / White,,19.5,6
Fractal Design Node 304,,Mini ITX Tower,White,,19.5,6
Fractal Design Ridge PCIe 3.0,,Mini ITX Tower,Black,Mesh,16.3,0
Fractal Design Ridge PCIe 3.0,,Mini ITX Tower,White,Mesh,16.3,0
Fractal Design Ridge PCIe 4.0,129.99,Mini ITX Tower,Black,Mesh,16.3,0
Fractal Design Ridge PCIe 4.0,129.99,Mini ITX Tower,White,Mesh,16.3,0
Fractal Design Terra,179.97,Mini ITX Desktop,Black / Brown,Mesh,11.4,0
Fractal Design Terra,179.99,Mini ITX Desktop,Green / Brown,Mesh,11.4,0
Fractal Design Terra,179.99,Mini ITX Desktop,Silver / Brown,Mesh,11.4,0
Fractal Design Torrent Nano,90.1,Mini ITX Tower,White / Black,Tempered Glass,34.6,1
Fractal Design Torrent Nano,148.24,Mini ITX Tower,Black,,34.6,1
Fractal Design Torrent Nano,221.58,Mini ITX Tower,Black,Tinted Tempered Glass,34.6,1
Fractal Design Torrent Nano RGB,183.73,Mini ITX Tower,Black,Tinted Tempered Glass,34.6,1
Fractal Design Torrent Nano RGB,355.08,Mini ITX Tower,White,Tempered Glass,34.6,1
G.Skill Z5i,139.99,Mini ITX Tower,Black,Tempered Glass,24.4,1
Golden Field N-1,,Mini ITX Desktop,Black,,17.2,1
HG Computers Osmi,,Mini ITX Tower,White,,,1
HG Computers Osmi,,Mini ITX Tower,Black,,,1
HYTE REVOLT 3,199.99,Mini ITX Tower,Black,Mesh,,1
HYTE REVOLT 3,129.99,Mini ITX Tower,Black,Mesh,,1
HYTE REVOLT 3,129.99,Mini ITX Tower,White,Mesh,,1
HYTE REVOLT 3,249.99,Mini ITX Tower,White,Mesh,,1
HYTE REVOLT 3 EU,,Mini ITX Tower,Black,Mesh,,1
HYTE REVOLT 3 EU,,Mini ITX Tower,White,Mesh,,1
In Win 901,,Mini ITX Tower,Black / Silver,Tempered Glass,,2
In Win 901,,Mini ITX Tower,Black / Gold,Tempered Glass,,2
In Win A1,,Mini ITX Tower,Black,Tempered Glass,20.4,0
In Win A1,,Mini ITX Tower,White,Tempered Glass,20.4,0
In Win A1 Plus,,Mini ITX Tower,Black,Tempered Glass,21.8,0
In Win A1 Plus,,Mini ITX Tower,White,Tempered Glass,21.8,0
In Win A1 Plus,,Mini ITX Tower,Pink,Tempered Glass,21.8,0
In Win A1 Plus Phantom Gaming Edition,,Mini ITX Tower,Black / Red,Tempered Glass,21.8,0
In Win B1,,Mini ITX Desktop,Black,,,0
In Win B1 Mesh,,Mini ITX Desktop,Black,,7.8,0
In Win B1 Pure,128,Mini ITX Desktop,White / Brown,,7.8,0
In Win BM639.AD160TBL,,Mini ITX Tower,Black,,6.8,1
In Win BM639.AD160TBL,,Mini ITX Tower,Black,,6.8,1
In Win BM639.AD160TSL,,Mini ITX Tower,Black / Silver,,6.8,1
In Win BM650.AD160TBL,,Mini ITX Tower,Black,,6.8,0
In Win BP655.200BL,,Mini ITX Desktop,Black,,8.1,0
In Win BP655.300TB3L,,Mini ITX Tower,Black,,8.1,0
In Win BP655.FH200B,,Mini ITX Desktop,Black,,8.1,1
In Win BP655.FH300TB3,,Mini ITX Tower,Black / Blue,,8.1,2
In Win BP671.200BL,,Mini ITX Tower,Black,,8.1,1
In Win BP671.FH200B,,Mini ITX Tower,Black,,9.1,2
In Win BQ656.AD80TBL,,Mini ITX Tower,Black,,3.3,0
In Win BQ656T.AD120TBL,,Mini ITX Desktop,Black,,3.3,0
In Win BQ656T.AD150TB3,,Mini ITX Tower,Black,,,0
In Win BQ669.AD80TBL,,Mini ITX Tower,Black,,3.3,0
In Win BQS656.DD120BL,,Mini ITX Desktop,Black,,3.3,0
In Win Chopin MAX,149.41,Mini ITX Desktop,Gray,Mesh,4.4,0
In Win Chopin MAX,,Mini ITX Desktop,Black,Mesh,4.4,0
In Win Chopin MAX,,Mini ITX Desktop,Silver,Mesh,4.4,0
In Win D-FRAME MINI,,Mini ITX Tower,Black / Red,Tempered Glass,46.3,3
In Win D-FRAME MINI,,Mini ITX Tower,Black / Orange,Acrylic,46.3,3
In Win D-FRAME MINI,,Mini ITX Tower,White,Tempered Glass,46.3,3
In Win D-FRAME MINI,,Mini ITX Tower,Red,Tempered Glass,46.3,3
In Win D-FRAME MINI,,Mini ITX Tower,Blue,Tempered Glass,46.3,3
In Win D-FRAME MINI,,Mini ITX Tower,Green,Tempered Glass,46.3,3
In Win Diva,,Mini ITX Tower,Black / Pink,,9.3,0
In Win Explorer,,Mini ITX Desktop,White,Tempered Glass,34.3,1
In Win Explorer,,Mini ITX Desktop,Yellow / Red,Tempered Glass,34.3,1
In Win H-Frame Mini,,Mini ITX Tower,Black / Green,Acrylic,,0
In Win H-Frame Mini,,Mini ITX Tower,Blue / Silver,,,0
In Win H-Frame Mini,,Mini ITX Tower,Black / Red,,,0
In Win IW-BP655.200BL,,Mini ITX Tower,Black,,8.1,0
In Win IW-BP655.300TBL,,Mini ITX Desktop,Black,,8.1,0
In Win IW-BQ656,,Mini ITX Tower,Black,,3.3,0
In Win IW-BQ656T.AD120TB3,,Mini ITX Tower,Black,,3.3,0
In Win IW-BQ656T.AD80TBLR,,Mini ITX Desktop,Black,,3.3,0
In Win IW-MS04,159.94,Mini ITX Desktop,Black,,,4
In Win K1 STANDARD,,Mini ITX Desktop,Black,,4.7,0
In Win Wavy,,Mini ITX Tower,Black,,6.8,0
Inter-Tech SC-4100,156.04,Mini ITX Desktop,Black,,10.6,0
iStarUSA S-917,,Mini ITX Tower,Black,,28.2,0
Jonsbo BO 100,229.99,Mini ITX Desktop,Silver,Tempered Glass,15.7,1
Jonsbo BO 100,229.99,Mini ITX Desktop,Black,Tempered Glass,15.7,1
Jonsbo Jonsplus i100 Pro,,Mini ITX Desktop,Black,Tempered Glass,25.9,1
Jonsbo Jonsplus i100 Pro,,Mini ITX Desktop,Silver,,25.9,1
Jonsbo Jonsplus i100 Pro,,Mini ITX Desktop,Silver / Black,Tempered Glass,25.9,1
Jonsbo Jonsplus i100 Pro,,Mini ITX Desktop,Black,,25.9,1
Jonsbo N1,150,Mini ITX Desktop,Silver,,12.7,5
Jonsbo N2,152,Mini ITX Desktop,Black,,11.1,5
Jonsbo N2,148,Mini ITX Desktop,White,,11.1,5
Jonsbo N3,168,Mini ITX Desktop,Black,,18.2,8
Jonsbo T8,,Mini ITX Desktop,Black,Tempered Glass,8.4,1
Jonsbo T8 PLUS,,Mini ITX Desktop,Black,Tempered Glass,12.5,0
Jonsbo T8 PLUS,,Mini ITX Desktop,Silver / Black,Tempered Glass,12.5,0
Jonsbo UMX1 Plus,,Mini ITX Desktop,Silver / Black,Tempered Glass,16.6,1
Jonsbo UMX1 Plus,,Mini ITX Desktop,Black,,16.6,1
Jonsbo V10,,Mini ITX Desktop,Black,Tempered Glass,18.2,0
Jonsbo V10,,Mini ITX Desktop,Silver / Black,,18.2,0
Jonsbo V10,,Mini ITX Desktop,Silver / Black,Tempered Glass,18.2,0
Jonsbo V11,,Mini ITX Tower,Black,Mesh,13,0
Jonsbo V11,,Mini ITX Tower,Silver,Mesh,13,0
Jonsbo V8,,Mini ITX Desktop,Black,Mesh,25.3,2
Jonsbo V8,,Mini ITX Desktop,Gray,Mesh,25.3,2
Jonsbo VR3,,Mini ITX Tower,Black,Mesh,19.9,0
Jonsbo VR3,,Mini ITX Tower,White,Mesh,19.9,0
KOLINK ROCKET,,Mini ITX Desktop,Black,,,0
KOLINK Rocket Complex,,Mini ITX Tower,Black,Mesh,20.4,0
KOLINK Rocket Heavy,,Mini ITX Desktop,Black,Tempered Glass,16.7,1
KOLINK Rocket Heavy Vented,,Mini ITX Desktop,Black,Mesh,16.7,1
KOLINK Rocket V2,,Mini ITX Tower,Silver,Mesh,14.2,0
Lazer3D LZ7 XTD,,Mini ITX Desktop,Black,Tempered Glass,,0
Lazer3D LZ7-v1,,Mini ITX Desktop,Black,,7.1,0
Lazer3D LZX-8 Stealth,,Mini ITX Desktop,Black,,8.6,0
Lazer3D LZX-8 Storm,,Mini ITX Desktop,Black / White,,8.6,0
Lazer3D LZX-8 Tek,,Mini ITX Desktop,Black / Gray,,8.6,0
Lian Li A4-H20 A3,,Mini ITX Desktop,Silver / Black,Mesh,11.1,0
Lian Li A4-H20 A4,155.99,Mini ITX Desktop,Silver / Black,Mesh,11.1,0
Lian Li A4-H20 X3,,Mini ITX Desktop,Black,Mesh,11.1,0
Lian Li A4-H20 X4,154.99,Mini ITX Desktop,Black,Mesh,11.1,0
Lian Li Odyssey,,Mini ITX Desktop,Silver,,,2
Lian Li Odyssey,,Mini ITX Desktop,White,,,2
Lian Li Odyssey,,Mini ITX Desktop,Black,,,2
Lian Li PC-CK101,,Mini ITX Tower,Black,,24.4,1
Lian Li PC-CK101,,Mini ITX Tower,Black,,24.4,1
Lian Li PC-Q01,,Mini ITX Tower,Black,,13.2,2
Lian Li PC-Q01,,Mini ITX Tower,Silver,,13.2,2
Lian Li PC-Q02,,Mini ITX Tower,Black,,6.8,1
Lian Li PC-Q02,,Mini ITX Tower,Silver,,6.8,1
Lian Li PC-Q03,,Mini ITX Tower,Black,,10.2,1
Lian Li PC-Q03,,Mini ITX Tower,Silver,,10.2,1
Lian Li PC-Q04,,Mini ITX Tower,Silver,,,2
Lian Li PC-Q04,,Mini ITX Tower,Black,,,2
Lian Li PC-Q07,,Mini ITX Tower,Black,,11.2,1
Lian Li PC-Q07B USB3.0,,Mini ITX Tower,Black,,11.6,1
Lian Li PC-Q07R,,Mini ITX Tower,Red,,11.2,1
Lian Li PC-Q08,,Mini ITX Tower,Black,,21.2,6
Lian Li PC-Q08,,Mini ITX Tower,Silver,,21.2,6
Lian Li PC-Q08,,Mini ITX Tower,Red,,21.2,6
Lian Li PC-Q09,,Mini ITX Desktop,Black,,5.5,0
Lian Li PC-Q09,,Mini ITX Desktop,Red,,5.5,0
Lian Li PC-Q09,,Mini ITX Desktop,Silver,,5.5,0
Lian Li PC-Q09,,Mini ITX Desktop,White,,5.5,0
Lian Li PC-Q09F,,Mini ITX Desktop,Red,,6.3,0
Lian Li PC-Q09F,,Mini ITX Desktop,White,,6.3,0
Lian Li PC-Q09F,,Mini ITX Desktop,Silver,,6.3,0
Lian Li PC-Q09F,,Mini ITX Desktop,Black,,6.3,0
Lian Li PC-Q10,,Mini ITX Desktop,Black,Acrylic,,2
Lian Li PC-Q11,,Mini ITX Tower,Black,,16.8,2
Lian Li PC-Q11,,Mini ITX Tower,Silver,,16.8,2
Lian Li PC-Q11,,Mini ITX Tower,Red,,16.8,2
Lian Li PC-Q11,,Mini ITX Tower,Silver,,16.8,2
Lian Li PC-Q12,,Mini ITX Tower,Black,,6.6,0
Lian Li PC-Q12,,Mini ITX Tower,Silver,,6.6,0
Lian Li PC-Q16,,Mini ITX Tower,Black,,9.2,1
Lian Li PC-Q16,,Mini ITX Tower,Silver,,9.2,1
Lian Li PC-Q19,,Mini ITX Tower,Silver,,22.4,1
Lian Li PC-Q19,,Mini ITX Tower,Black,,22.4,1
Lian Li PC-Q20,,Mini ITX Tower,Black,,7.2,0
Lian Li PC-Q20,,Mini ITX Tower,Silver,,7.2,0
Lian Li PC-Q20,,Mini ITX Tower,Pink,,7.2,0
Lian Li PC-Q20,,Mini ITX Tower,White,,7.2,0
Lian Li PC-Q21,,Mini ITX Tower,Black,,,2
Lian Li PC-Q21,,Mini ITX Tower,Silver,,,2
Lian Li PC-Q25A,,Mini ITX Tower,Silver,,20.2,7
Lian Li PC-Q25B,,Mini ITX Tower,Black,,20.2,7
Lian Li PC-Q26,,Mini ITX Tower,Black,,33.8,10
Lian Li PC-Q26,,Mini ITX Tower,Silver,,33.8,10
Lian Li PC-Q27,,Mini ITX Tower,Black,,14.3,3
Lian Li PC-Q27,,Mini ITX Tower,Silver,,14.3,3
Lian Li PC-Q28,,Mini ITX Tower,Black,,23.8,4
Lian Li PC-Q28,,Mini ITX Tower,Silver,,23.8,4
Lian Li PC-Q30,,Mini ITX Tower,Black,,23.4,0
Lian Li PC-Q30,,Mini ITX Tower,Silver,,23.4,0
Lian Li PC-Q33,,Mini ITX Tower,Black,Acrylic,18.1,2
Lian Li PC-Q33,,Mini ITX Tower,Silver,,18.1,2
Lian Li PC-Q33,,Mini ITX Tower,Black,,18.1,2
Lian Li PC-Q33,,Mini ITX Tower,Silver,Acrylic,18.1,2
Lian Li PC-Q35A,,Mini ITX Tower,Silver,,18.1,5
Lian Li PC-Q35A,,Mini ITX Tower,Silver,,18.1,5
Lian Li PC-Q36W,,Mini ITX Tower,Gold,,25.4,2
Lian Li PC-Q36W,,Mini ITX Tower,Black / Red,,25.4,2
Lian Li PC-Q36W,,Mini ITX Tower,Silver,,25.4,2
Lian Li PC-Q36W,,Mini ITX Tower,Black,,25.4,2
Lian Li PC-Q36W,,Mini ITX Tower,Black,,25.4,2
Lian Li PC-Q36W,,Mini ITX Tower,Silver,,25.4,2
Lian Li PC-Q37,,Mini ITX Tower,Black,Tempered Glass,28.3,2
Lian Li PC-Q38,,Mini ITX Tower,Black / Silver,Acrylic,,1
Lian Li PC-Q39GWX,,Mini ITX Desktop,Black,Tempered Glass,,2
Lian Li PC-Q50,,Mini ITX Desktop,Black,,,2
Lian Li PC-Q50,,Mini ITX Desktop,Silver,,,2
Lian Li PC-TU100,,Mini ITX Tower,Black,,10.6,0
Lian Li PC-TU100,,Mini ITX Tower,Silver,,10.6,0
Lian Li PC-TU200,,Mini ITX Tower,Black,,21.6,4
Lian Li PC-TU200,,Mini ITX Tower,Silver,,21.6,4
Lian Li Q58 (PCIe 3.0),,Mini ITX Desktop,White,Tempered Glass,14.5,0
Lian Li Q58 (PCIe 3.0),,Mini ITX Desktop,Black,Tempered Glass,14.5,0
Lian Li Q58 (PCIe 4.0),,Mini ITX Desktop,Black,Tempered Glass,14.5,0
Lian Li Q58 (PCIe 4.0),,Mini ITX Desktop,White,Tempered Glass,14.5,0
Lian Li TU150,158.87,Mini ITX Desktop,Black,Tempered Glass,23.8,1
Lian Li TU150,152.74,Mini ITX Desktop,Silver,Tempered Glass,23.8,1
Lian Li TU150,,Mini ITX Desktop,Silver,,23.8,1
Lian Li TU150,,Mini ITX Desktop,Black,,23.8,1
MagniumGear NEO G MINI,,Mini ITX Tower,Black,Tempered Glass,,1
MagniumGear NEO MINI,,Mini ITX Tower,Silver,Tempered Glass,,1
MagniumGear NEO MINI,,Mini ITX Tower,Black,Acrylic,,1
MagniumGear Neo Mini V2,,Mini ITX Desktop,Black,Tempered Glass,,1
MagniumGear Neo Mini V2,,Mini ITX Desktop,Silver,Tempered Glass,,1
MagniumGear Neo-G Mini V2,,Mini ITX Tower,Black,Tempered Glass,,1
MUSETEX T2,,Mini ITX Desktop,Black,Tempered Glass,16.6,2
NCASE M1,,Mini ITX Tower,Black,,13.9,2
NCASE M1,,Mini ITX Tower,Silver / Black,,13.9,2
NZXT H200,,Mini ITX Tower,White,Tempered Glass,27.3,1
NZXT H200,,Mini ITX Tower,Black,Tempered Glass,27.3,1
NZXT H200,,Mini ITX Tower,Black / Red,Tempered Glass,27.3,1
NZXT H200,,Mini ITX Tower,Black / Blue,Tempered Glass,27.3,1
NZXT H200i,,Mini ITX Tower,White / Black,Tempered Glass,27.3,1
NZXT H200i,,Mini ITX Tower,Black / Red,Tempered Glass,27.3,1
NZXT H200i,,Mini ITX Tower,Black,Tempered Glass,27.3,1
NZXT H200i,,Mini ITX Tower,Black / Blue,Tempered Glass,27.3,1
NZXT H210,,Mini ITX Tower,White,Tempered Glass,27.3,1
NZXT H210,,Mini ITX Tower,Black,Tempered Glass,27.3,1
NZXT H210,,Mini ITX Tower,Black / Red,Tempered Glass,27.3,1
NZXT H210i,,Mini ITX Tower,White,Tempered Glass,27.3,1
NZXT H210i,,Mini ITX Tower,Black,Tempered Glass,27.3,1
NZXT H210i,,Mini ITX Tower,Black / Red,Tempered Glass,27.3,1
NZXT Manta,,Mini ITX Desktop,White / Black,Acrylic,,2
NZXT Manta,,Mini ITX Desktop,Black,Acrylic,,2
NZXT Manta,,Mini ITX Desktop,Black / Red,Acrylic,,2
NZXT Manta,,Mini ITX Desktop,Black,,,2
Phanteks Eclipse P200A DRGB,,Mini ITX Tower,Black,Tempered Glass,29.9,0
Phanteks Eclipse P200A Performance,,Mini ITX Tower,Black,,29.9,0
Phanteks Enthoo EVOLV ITX,,Mini ITX Tower,Black,Acrylic,,2
Phanteks Enthoo EVOLV ITX,,Mini ITX Tower,Black,,,2
Phanteks Enthoo EVOLV ITX,,Mini ITX Tower,Black / White,Acrylic,,2
Phanteks Enthoo EVOLV ITX,,Mini ITX Tower,Black / Red,Acrylic,,2
Phanteks Enthoo EVOLV ITX TG,,Mini ITX Desktop,Black,Tinted Tempered Glass,34.1,2
Phanteks Enthoo EVOLV ITX TG,,Mini ITX Desktop,Black / Red,Tinted Tempered Glass,34.1,2
Phanteks Enthoo EVOLV ITX TG,,Mini ITX Desktop,White,Tinted Tempered Glass,34.1,2
Phanteks Enthoo EVOLV SHIFT,,Mini ITX Tower,Gray,Tinted Tempered Glass,24,1
Phanteks Enthoo EVOLV SHIFT,,Mini ITX Tower,Black,Tinted Tempered Glass,24,1
Phanteks Enthoo EVOLV SHIFT,,Mini ITX Tower,Gray / Black,Mesh,24,1
Phanteks Enthoo EVOLV SHIFT X,,Mini ITX Tower,Black,Tinted Tempered Glass,,2
Phanteks Enthoo EVOLV SHIFT X,,Mini ITX Tower,Gray,Tinted Tempered Glass,,2
Phanteks Evolv Shift 2,,Mini ITX Tower,Black,Tempered Glass,22.8,1
Phanteks Evolv Shift 2,,Mini ITX Tower,Gray,Tempered Glass,22.8,1
Phanteks EVOLV SHIFT 2 AIR,,Mini ITX Tower,Black,,,1
Phanteks EVOLV SHIFT 2 AIR,,Mini ITX Tower,Gray / Black,,,1
Phanteks Evolv Shift Air,,Mini ITX Tower,Black,Mesh,24,1
Phanteks EVOLV SHIFT XT,109.99,Mini ITX Desktop,Silver / Black,Tempered Glass,17.5,0
Phanteks EVOLV SHIFT XT,143.88,Mini ITX Desktop,Black,Tempered Glass,17.5,0
Raidmax Atomic,,Mini ITX Tower,Black,Acrylic,,1
Raidmax Element,,Mini ITX Desktop,Black / Gray,,,2
Raidmax Element,,Mini ITX Desktop,Black / Blue,,,2
Raidmax Element,,Mini ITX Desktop,Black / Green,,,2
Raidmax Element,,Mini ITX Desktop,Black / Green,,,2
Raidmax Element,,Mini ITX Desktop,Black / Pink,,,2
Raidmax Element,,Mini ITX Desktop,Black / Pink,,,2
Raidmax Element,,Mini ITX Desktop,Black / Gray,,,2
Raidmax Troy,,Mini ITX Desktop,Black / Red,,,1
RAIJINTEK 0R20B00158,,Mini ITX Tower,Pink,Acrylic,13.4,2
RAIJINTEK Metis,,Mini ITX Tower,Black,Acrylic,13.4,1
RAIJINTEK Metis,,Mini ITX Tower,Black,,13.4,1
RAIJINTEK Metis,,Mini ITX Tower,White,,13.4,1
RAIJINTEK Metis,,Mini ITX Tower,Gold,,13.4,1
RAIJINTEK Metis,,Mini ITX Tower,Red,Acrylic,13.4,1
RAIJINTEK Metis,,Mini ITX Tower,Silver,Acrylic,13.4,1
RAIJINTEK Metis,,Mini ITX Tower,Blue,Acrylic,13.4,1
RAIJINTEK Metis,,Mini ITX Tower,Gold,Acrylic,13.4,1
RAIJINTEK Metis,,Mini ITX Tower,Red,,13.4,1
RAIJINTEK Metis,,Mini ITX Tower,Blue,,13.4,1
RAIJINTEK Metis,,Mini ITX Tower,Silver,,13.4,1
RAIJINTEK Metis,,Mini ITX Tower,Green,Acrylic,13.4,1
RAIJINTEK Metis,,Mini ITX Tower,Green,,13.4,1
RAIJINTEK Metis,,Mini ITX Tower,White,Acrylic,13.4,1
RAIJINTEK METIS EVO ALS,74.9,Mini ITX Desktop,Blue,,22.3,2
RAIJINTEK METIS EVO ALS,74.9,Mini ITX Desktop,Red,,22.3,2
RAIJINTEK METIS EVO ALS,,Mini ITX Desktop,Black,,22.3,2
RAIJINTEK METIS EVO ALS,,Mini ITX Desktop,Silver,,22.3,2
RAIJINTEK METIS EVO ALS,,Mini ITX Desktop,White,,22.3,2
RAIJINTEK METIS EVO ALS,,Mini ITX Desktop,Pink,,22.3,2
RAIJINTEK METIS EVO TGS,74.99,Mini ITX Desktop,White,Tempered Glass,22.3,2
RAIJINTEK METIS EVO TGS,74.99,Mini ITX Desktop,Silver,Tempered Glass,22.3,2
RAIJINTEK METIS EVO TGS,,Mini ITX Desktop,Red,Tempered Glass,22.3,2
RAIJINTEK METIS EVO TGS,,Mini ITX Desktop,Black,Tempered Glass,22.3,2
RAIJINTEK METIS EVO TGS,,Mini ITX Desktop,Blue,Tempered Glass,22.3,2
RAIJINTEK METIS EVO TGS,,Mini ITX Desktop,Pink,Tempered Glass,22.3,2
RAIJINTEK Metis Plus,80.53,Mini ITX Tower,Black,Acrylic,13.4,2
RAIJINTEK Metis Plus,80.53,Mini ITX Tower,White,Acrylic,13.4,2
RAIJINTEK Metis Plus,80.53,Mini ITX Tower,Silver,Acrylic,13.4,2
RAIJINTEK Metis Plus,80.53,Mini ITX Tower,Blue,Acrylic,13.4,2
RAIJINTEK Metis Plus,80.53,Mini ITX Tower,Red,Acrylic,13.4,2
RAIJINTEK Metis Plus,80.53,Mini ITX Tower,Gold,Acrylic,13.4,2
RAIJINTEK Metis Plus,,Mini ITX Tower,Green,Acrylic,13.4,2
RAIJINTEK OPHION,,Mini ITX Desktop,Black,Acrylic,,1
RAIJINTEK OPHION 7L,,Mini ITX Desktop,Black,Mesh,7.1,0
RAIJINTEK OPHION 7L,,Mini ITX Desktop,White,Mesh,7.1,0
RAIJINTEK OPHION ELITE TITAN,,Mini ITX Tower,Black,Mesh,24.9,3
RAIJINTEK OPHION ELITE WHITE,79.9,Mini ITX Tower,White,Mesh,24.9,3
RAIJINTEK OPHION EVO,155.44,Mini ITX Desktop,Black,Acrylic,,1
RAIJINTEK PAEAN MINI,69.9,Mini ITX Tower,Black,Tempered Glass,26,1
RAIJINTEK PAN Slim,189.9,Mini ITX Desktop,Black,,38.7,2
RAIJINTEK PAN Slim,189.9,Mini ITX Desktop,White,,38.7,2
RAIJINTEK PAN Slim,189.9,Mini ITX Desktop,Silver,,38.7,2
Razer Tomahawk Mini-ITX,137.99,Mini ITX Tower,Black / Green,Tinted Tempered Glass,,0
RIOTORO CR280,,Mini ITX Desktop,Black / Red,Acrylic,,1
Rosewill Legacy U2-B,,Mini ITX Tower,Black,Acrylic,15.4,2
Rosewill Legacy U2-B,,Mini ITX Tower,Black,,15.4,2
Rosewill Legacy U2-S,,Mini ITX Tower,Silver,,15.4,2
Rosewill Legacy U2-S,,Mini ITX Tower,Silver,Acrylic,15.4,2
Rosewill Legacy V3 Plus-B,90,Mini ITX Tower,Black,,10,1
Rosewill Legacy V3 Plus-B,,Mini ITX Tower,Silver,,10,1
Rosewill Legacy V6-B,,Mini ITX Tower,Black,,12.5,4
Rosewill Legacy V6-S,,Mini ITX Tower,Black / Silver,,12.5,4
Rosewill Legacy W1-B,,Mini ITX Tower,Black,,31.1,4
Rosewill Legacy W1-B-Window,,Mini ITX Tower,Black,Acrylic,31.1,4
Rosewill Legacy W1-S,,Mini ITX Tower,Silver,,31.1,4
Rosewill Legacy W1-S-Window,,Mini ITX Tower,Silver,Acrylic,31.1,4
Rosewill Neutron,,Mini ITX Desktop,Black,Acrylic,38.9,3
Rosewill RC-CIX-01,,Mini ITX Tower,Black,,8.6,1
Rosewill RC-CIX-01,,Mini ITX Tower,Black / Red,,8.6,1
Rosewill RS-MI-01,,Mini ITX Tower,Black,,9.4,1
SHARKOON CA-I,,Mini ITX Desktop,Black,,,1
SHARKOON CA-I,,Mini ITX Desktop,Silver,,,1
SHARKOON QB ONE,210.56,Mini ITX Desktop,Black,Mesh,14.9,2
SHARKOON Rebel C20 ITX,329.39,Mini ITX Desktop,Black,Mesh,29.5,1
SHARKOON Rebel C20 ITX RGB,424.71,Mini ITX Desktop,Black,Mesh,29.5,1
Silverstone CS01,147.99,Mini ITX Tower,Silver,,,2
Silverstone CS01,,Mini ITX Tower,Black,,,2
Silverstone CS01-HS,,Mini ITX Tower,Black,,,0
Silverstone CS01-HS,198.99,Mini ITX Tower,Silver,,,0
Silverstone CS280B,,Mini ITX Tower,Black / Silver,,,0
Silverstone DS380,,Mini ITX Tower,Black,,21.6,8
Silverstone DS380B,210.69,Mini ITX Tower,Black,,,0
Silverstone FT03-MINI,,Mini ITX Tower,Black,,17.5,1
Silverstone FT03-MINI,,Mini ITX Tower,Silver,,17.5,1
Silverstone FTZ01,199.13,Mini ITX Desktop,Black,,,1
Silverstone FTZ01,169.99,Mini ITX Desktop,Silver,,,1
Silverstone FTZ01-E,148.13,Mini ITX Desktop,Black,,,0
Silverstone FTZ01-E,,Mini ITX Desktop,Silver,,,0
Silverstone Lucid LD03,115,Mini ITX Tower,,Tinted Tempered Glass,25.2,1
Silverstone Lucid LD03-AF,132.99,Mini ITX Tower,Black,Tempered Glass,25.2,1
Silverstone RVZ01B,136.33,Mini ITX Desktop,Black,,,1
Silverstone RVZ03,145.87,Mini ITX Desktop,Black,,,0
Silverstone RVZ03,,Mini ITX Desktop,White,,,0
Silverstone RVZ03B-ARGB,158.63,Mini ITX Desktop,Black,,,0
Silverstone RVZ03W-ARGB,149.99,Mini ITX Desktop,White,,,0
Silverstone SG05-B,,Mini ITX Desktop,Black,,10.7,1
Silverstone SG05BB-450,,Mini ITX Desktop,Black,,10.7,1
Silverstone SG05BB-450-USB3,,Mini ITX Desktop,White,,10.7,1
Silverstone SG05B-USB3.0,,Mini ITX Desktop,Black,,10.7,1
Silverstone SG05-LITE,69.45,Mini ITX Desktop,Black,,10.7,1
Silverstone SG05-LITE,69.48,Mini ITX Desktop,White,,10.7,1
Silverstone SG05-LITE,,Mini ITX Desktop,Black,,10.7,1
Silverstone SG06-B,,Mini ITX Desktop,Black,,11.1,1
Silverstone SG06BB-450,,Mini ITX Desktop,Black,,11,1
Silverstone SG06BB-450-USB3.0,,Mini ITX Desktop,Black,,11.1,1
Silverstone SG06BB-LITE,,Mini ITX Desktop,Black,Acrylic,,1
Silverstone SG06BB-LITE,,Mini ITX Desktop,Silver,Acrylic,,1
Silverstone SG06B-USB3.0,,Mini ITX Desktop,Black,,11.1,1
Silverstone SG07-B,,Mini ITX Desktop,Black / Gray,,14.6,1
Silverstone SG07-B,,Mini ITX Desktop,Black / Gray,Acrylic,14.6,1
Silverstone SG07B-USB3.0,,Mini ITX Desktop,Black / Gray,,14.6,1
Silverstone SG08B,,Mini ITX Desktop,Black,,14.8,1
Silverstone SG08B-LITE,,Mini ITX Desktop,Black,,,1
Silverstone SG13,70.29,Mini ITX Tower,Black,,11.5,1
Silverstone SG13,69.98,Mini ITX Tower,White / Black,,11.5,1
Silverstone SG13,68.69,Mini ITX Tower,Black,,11.5,1
Silverstone SG13,,Mini ITX Tower,White / Black,,11.5,1
Silverstone SG13 V2,64.98,Mini ITX Tower,Black,,11.5,1
Silverstone SG13 V2,68.18,Mini ITX Tower,Pink,,11.5,1
Silverstone SG13 V2,,Mini ITX Tower,White / Black,,11.5,1
Silverstone SG13 V2,,Mini ITX Tower,Black,,11.5,1
Silverstone SG13 V2,,Mini ITX Tower,White / Black,,11.5,1
Silverstone SUGO 14,218.16,Mini ITX Desktop,Black / Yellow,,19.5,0
Silverstone SUGO 14,61.48,Mini ITX Desktop,White,,19.5,0
Silverstone SUGO 15,174.62,Mini ITX Desktop,Black,,19.1,0
Silverstone SUGO 15,147.99,Mini ITX Desktop,Silver,,19.1,0
Silverstone Sugo 16,85.99,Mini ITX Tower,Black,,13,1
Silverstone Sugo 16,87.99,Mini ITX Tower,White,,13,1
Spartex Osmi,,Mini ITX Tower,Black,,,1
Spartex Osmi,,Mini ITX Tower,White,,,1
SSUPD Meshlicious,,Mini ITX Tower,Black,Tempered Glass,14.7,0
SSUPD Meshlicious,,Mini ITX Tower,Black,Mesh,14.7,0
SSUPD Meshlicious,,Mini ITX Tower,White,Mesh,14.7,0
SSUPD Meshlicious,,Mini ITX Tower,White,Tempered Glass,14.7,0
SSUPD Meshlicious (PCIe 4.0),,Mini ITX Tower,White,Mesh,14.7,0
SSUPD Meshlicious (PCIe 4.0),,Mini ITX Tower,Black,Mesh,14.7,0
Streacom DA2,345.93,Mini ITX Desktop,Silver,,,3
Streacom DA2,,Mini ITX Desktop,Black,,,3
Streacom DA2 V2,,Mini ITX Desktop,Black,,17.5,0
Streacom DA2 V2,299.99,Mini ITX Desktop,Silver,,17.5,0
Sunbeam ACMI-P-HUVB,,Mini ITX Tower,Clear,Acrylic,10.3,1
Sunbeam ACMI-P-T,,Mini ITX Tower,Clear,Acrylic,,1
Supermicro SuperChassis 721TQ-350B2,272,Mini ITX Tower,Black,,14.1,0
teenage engineering Computer-1,99,Mini ITX Desktop,Orange / Silver,,10.4,0
Thermaltake Core P1,,Mini ITX Tower,Black,Tempered Glass,53.2,1
Thermaltake Core V1,49.99,Mini ITX Desktop,Black,,22.4,2
Thermaltake Core V1,49.99,Mini ITX Desktop,White,Acrylic,22.4,2
Thermaltake Core X1,,Mini ITX Tower,Black / Blue,Acrylic,,3
Thermaltake Element Q,,Mini ITX Desktop,Black,,9.4,1
Thermaltake Element Q,,Mini ITX Desktop,Black / Red,,9.4,1
Thermaltake SD101,,Mini ITX Tower,Black,Acrylic,8.2,1
Thermaltake Suppressor F1,,Mini ITX Desktop,Black,Acrylic,,2
Thermaltake The Tower 100,89.99,Mini ITX Tower,Black,Tempered Glass,32.7,2
Thermaltake The Tower 100,104.98,Mini ITX Tower,Green / Black,Tempered Glass,32.7,2
Thermaltake The Tower 100,106.69,Mini ITX Tower,Turquoise / Black,Tempered Glass,32.7,2
Thermaltake The Tower 100,,Mini ITX Tower,Gold,Tempered Glass,32.7,2
Thermaltake The Tower 100 Snow,99.99,Mini ITX Tower,White,Tempered Glass,32.7,2
Thermaltake The Tower 200,99.99,Mini ITX Tower,Black,Tempered Glass,45.1,2
Thermaltake The Tower 200,124.99,Mini ITX Tower,White,Tempered Glass,45.1,2
Thermaltake The Tower 200,129.99,Mini ITX Tower,Green,Tempered Glass,45.1,2
Thermaltake The Tower 200,129.99,Mini ITX Tower,Beige,Tempered Glass,45.1,2
Thermaltake The Tower 200,134.98,Mini ITX Tower,Turquoise,Tempered Glass,45.1,2
Thermaltake The Tower 200,,Mini ITX Tower,Pink,Tempered Glass,45.1,2
Thermaltake The Tower 200 Bumblebee,129.99,Mini ITX Tower,Yellow / Black,Tempered Glass,45.1,2
Vetroo K2,,Mini ITX Desktop,Black,Tempered Glass,,0
Xigmatek Eris,,Mini ITX Desktop,Black,,,1
Xigmatek Nebula,,Mini ITX Tower,Black,,22.3,2
Xigmatek Nebula,,Mini ITX Tower,White,,22.3,2
Xigmatek Octans,,Mini ITX Desktop,Black,,,2
Zalman M1,,Mini ITX Tower,Black,,,3
Zalman M2 Mini Silver,,Mini ITX Desktop,Silver / Black,Tempered Glass,11.6,0
ZZEW A1 Plus,109.99,Mini ITX Tower,Silver,Mesh,5.8,0
