Name,Price (USD),Form Factor,Interface,Capacity
Western Digital WD_Black SN850X,149.99,M.2-2280,M.2 PCIe 4.0 X4,2 TB
Western Digital WD_Black SN850X,282.98,M.2-2280,M.2 PCIe 4.0 X4,4 TB
Western Digital WD_Black SN850X,94.99,M.2-2280,M.2 PCIe 4.0 X4,1 TB
Samsung 980 Pro,249.99,M.2-2280,M.2 PCIe 4.0 X4,1 TB
Samsung 980 Pro,169,M.2-2280,M.2 PCIe 4.0 X4,2 TB
Samsung 990 Pro,302,M.2-2280,M.2 PCIe 4.0 X4,4 TB
Kingston KC3000,153.94,M.2-2280,M.2 PCIe 4.0 X4,2 TB
Western Digital Black SN770,124.99,M.2-2280,M.2 PCIe 4.0 X4,2 TB
Samsung 990 Pro,169.99,M.2-2280,M.2 PCIe 4.0 X4,2 TB
Western Digital Black SN770,75.98,M.2-2280,M.2 PCIe 4.0 X4,1 TB
Sabrent Rocket 4.0,129.99,M.2-2280,M.2 PCIe 4.0 X4,1 TB
Crucial P5 Plus,75.98,M.2-2280,M.2 PCIe 4.0 X4,2 TB
Lexar NM790,107.99,M.2-2280,M.2 PCIe 4.0 X4,2 TB
TEAMGROUP MP44L,99.99,M.2-2280,M.2 PCIe 4.0 X4,2 TB
Crucial P5 Plus,147.99,M.2-2280,M.2 PCIe 4.0 X4,2 TB
SK Hynix Platinum P41,134.99,M.2-2280,M.2 PCIe 4.0 X4,2 TB
Western Digital Black SN850,199.99,M.2-2280,M.2 PCIe 4.0 X4,2 TB
Kingston Fury Renegade,99.99,M.2-2280,M.2 PCIe 4.0 X4,2 TB
Samsung 840 Pro,252.23,"2.5""",SATA 6.0 Gb/s,2 TB
Samsung 850 Evo,199.99,"2.5""",SATA 6.0 Gb/s,2 TB
Samsung 850 Evo,149.99,"2.5""",SATA 6.0 Gb/s,2 TB
Samsung 850 Pro,135.4,"2.5""",SATA 6.0 Gb/s,2 TB
Samsung 840 Pro,149.99,"2.5""",SATA 6.0 Gb/s,256 GB
Samsung 840 Evo,199.99,"2.5""",SATA 6.0 Gb/s,250 GB
Samsung 850 Evo,146.44,"2.5""",SATA 6.0 Gb/s,250 GB
Samsung 830,199.99,"2.5""",SATA 6.0 Gb/s,1 TB
SanDisk Ultra II,142.99,"2.5""",SATA 6.0 Gb/s,1 TB
Samsung 840 Evo,92.5,"2.5""",SATA 6.0 Gb/s,500 GB
Crucial MX100,99.99,"2.5""",SATA 6.0 Gb/s,250 GB
Samsung 860 Evo,146.44,"2.5""",SATA 6.0 Gb/s,250 GB
Crucial MX500,92.5,"2.5""",SATA 6.0 Gb/s,120 GB
Samsung 840,99.99,"2.5""",SATA 6.0 Gb/s,120 GB
Crucial T705,229.99,M.2-2280,M.2 PCIe 5.0 X4,120 GB
Crucial T700,219.99,M.2-2280,M.2 PCIe 5.0 X4,128 GB
Corsair MP700 PRO,379.99,M.2-2280,M.2 PCIe 5.0 X4,480 GB
Crucial T700,249.99,M.2-2280,M.2 PCIe 5.0 X4,1 TB
Crucial T705,139.99,M.2-2280,M.2 PCIe 5.0 X4,1 TB
Samsung 9100 PRO,179.99,M.2-2280,M.2 PCIe 5.0 X4,256 GB
